-- phpMyAdmin SQL Dump
-- version 5.0.4
-- https://www.phpmyadmin.net/
--
-- Host: 127.0.0.1:3307
-- Generation Time: Jan 17, 2021 at 09:23 PM
-- Server version: 10.4.17-MariaDB
-- PHP Version: 8.0.0

SET SQL_MODE = "NO_AUTO_VALUE_ON_ZERO";
START TRANSACTION;
SET time_zone = "+00:00";


/*!40101 SET @OLD_CHARACTER_SET_CLIENT=@@CHARACTER_SET_CLIENT */;
/*!40101 SET @OLD_CHARACTER_SET_RESULTS=@@CHARACTER_SET_RESULTS */;
/*!40101 SET @OLD_COLLATION_CONNECTION=@@COLLATION_CONNECTION */;
/*!40101 SET NAMES utf8mb4 */;

--
-- Database: `softeng`
--

-- --------------------------------------------------------

--
-- Table structure for table `car`
--

CREATE TABLE `car` (
  `license_plate` varchar(8) NOT NULL,
  `user_id` int(5) NOT NULL,
  `model_id` int(5) NOT NULL,
  `current_battery` float(6,2) NOT NULL
) ENGINE=InnoDB DEFAULT CHARSET=utf8mb4;

--
-- Dumping data for table `car`
--

INSERT INTO `car` (`license_plate`, `user_id`, `model_id`, `current_battery`) VALUES
('AIB-2288', 81, 8, 21.00),
('AIE-8476', 87, 12, 23.00),
('ALT-7608', 1, 11, 33.50),
('AQH-4533', 6, 2, 86.50),
('AQT-2558', 9, 17, 8.90),
('BDK-4108', 90, 16, 38.30),
('BQZ-1795', 4, 10, 42.00),
('BTB-4194', 73, 15, 28.00),
('BTW-6531', 21, 12, 23.00),
('BUV-3784', 83, 7, 37.90),
('BWN-3178', 66, 5, 18.80),
('CLC-5889', 100, 15, 28.00),
('CRG-9220', 80, 8, 21.00),
('CSX-2400', 16, 17, 8.90),
('CXD-3928', 21, 11, 33.50),
('DBG-5962', 44, 6, 27.20),
('DFI-2129', 38, 4, 14.50),
('DFU-7180', 15, 1, 8.80),
('DHP-1711', 51, 17, 8.90),
('DPW-4808', 3, 3, 65.00),
('EAH-1536', 11, 7, 37.90),
('EDW-1817', 25, 10, 42.00),
('EHP-7696', 69, 4, 14.50),
('ENR-3096', 86, 1, 8.80),
('ERM-9695', 50, 9, 19.20),
('ERP-4743', 8, 1, 8.80),
('EWZ-7416', 28, 8, 21.00),
('FAD-1102', 57, 14, 39.20),
('FEK-4619', 85, 7, 37.90),
('FFX-8015', 8, 16, 38.30),
('FHX-8529', 32, 3, 65.00),
('FIL-9389', 75, 9, 19.20),
('FSV-7660', 76, 5, 18.80),
('GCH-4716', 84, 1, 8.80),
('GDD-2335', 3, 12, 23.00),
('GGZ-4799', 89, 7, 37.90),
('GIF-8661', 26, 6, 27.20),
('GZX-9663', 19, 16, 38.30),
('HEE-2438', 9, 8, 21.00),
('HGL-6314', 88, 9, 19.20),
('HJZ-9936', 72, 15, 28.00),
('HOS-9576', 42, 4, 14.50),
('IBW-8841', 98, 7, 37.90),
('JBU-1360', 32, 2, 86.50),
('JJI-3727', 70, 10, 42.00),
('JJP-8277', 82, 1, 8.80),
('JLI-8782', 47, 7, 37.90),
('JNN-9656', 65, 17, 8.90),
('JQZ-5743', 17, 1, 8.80),
('JRH-5360', 53, 14, 39.20),
('JTK-3214', 31, 1, 8.80),
('JWS-9193', 49, 6, 27.20),
('JYB-1860', 22, 13, 39.20),
('JYM-3113', 37, 8, 21.00),
('KCJ-5428', 20, 15, 28.00),
('KEH-4195', 5, 1, 8.80),
('KIA-3289', 61, 15, 28.00),
('KQM-8485', 6, 5, 18.80),
('KRF-2298', 23, 5, 18.80),
('KYN-9224', 14, 3, 65.00),
('LCY-5510', 28, 3, 65.00),
('LLM-8238', 62, 9, 19.20),
('LNP-4265', 17, 4, 14.50),
('LRH-7418', 7, 9, 19.20),
('LUI-6446', 38, 7, 37.90),
('MGZ-1095', 24, 5, 18.80),
('MHX-1134', 60, 10, 42.00),
('MKH-8567', 78, 11, 33.50),
('MNG-3601', 59, 2, 86.50),
('MOA-3023', 29, 4, 14.50),
('MTN-8710', 2, 2, 86.50),
('MWE-3274', 1, 14, 39.20),
('MXJ-9058', 35, 5, 18.80),
('MYR-1958', 30, 17, 8.90),
('NES-7613', 36, 3, 65.00),
('NFW-9805', 7, 8, 21.00),
('NIO-5827', 26, 3, 65.00),
('NJF-1788', 10, 12, 23.00),
('NTI-8679', 4, 8, 21.00),
('NXF-7738', 24, 8, 21.00),
('ODD-1070', 31, 3, 65.00),
('ODO-5698', 58, 4, 14.50),
('OOD-8611', 41, 10, 42.00),
('OPD-9641', 7, 10, 42.00),
('OUT-6650', 39, 17, 8.90),
('OVH-4322', 71, 1, 8.80),
('PUU-4312', 43, 16, 38.30),
('PVC-4027', 20, 11, 33.50),
('QBP-7987', 95, 4, 14.50),
('QER-2492', 27, 7, 37.90),
('QEV-3556', 34, 4, 14.50),
('QFL-6127', 11, 17, 8.90),
('QRN-8541', 79, 4, 14.50),
('QYS-9423', 92, 14, 39.20),
('RBY-2055', 99, 17, 8.90),
('RMI-2640', 55, 8, 21.00),
('RQL-7243', 22, 4, 14.50),
('RSW-3048', 13, 14, 39.20),
('RTR-2629', 9, 1, 8.80),
('RVX-7787', 36, 16, 38.30),
('RZJ-8712', 13, 3, 65.00),
('RZZ-2677', 37, 4, 14.50),
('SNS-6842', 33, 8, 21.00),
('SVU-6334', 56, 5, 18.80),
('SWP-5188', 74, 12, 23.00),
('TAV-6590', 29, 8, 21.00),
('TBG-7902', 94, 15, 28.00),
('TLI-6046', 97, 9, 19.20),
('TNY-5858', 2, 11, 33.50),
('TQU-5957', 93, 9, 19.20),
('TYD-1665', 25, 2, 86.50),
('UCF-7750', 16, 7, 37.90),
('UFJ-4522', 27, 4, 14.50),
('UIA-1932', 91, 1, 8.80),
('UJH-8506', 10, 9, 19.20),
('UKF-6232', 48, 4, 14.50),
('UNG-3464', 40, 17, 8.90),
('URJ-5910', 10, 5, 18.80),
('VAC-6145', 39, 15, 28.00),
('VGL-9717', 5, 8, 21.00),
('VHZ-7935', 2, 5, 18.80),
('VQQ-6768', 8, 13, 39.20),
('VSL-5678', 77, 9, 19.20),
('VYD-9450', 4, 16, 38.30),
('WGR-3578', 23, 10, 42.00),
('WPP-5271', 15, 1, 8.80),
('WRH-6115', 45, 15, 28.00),
('WSX-5523', 46, 15, 28.00),
('WUI-2879', 54, 2, 86.50),
('WUU-1906', 1, 17, 8.90),
('WVW-2610', 12, 6, 27.20),
('WWF-1786', 63, 17, 8.90),
('WWP-2788', 14, 1, 8.80),
('WYL-8005', 5, 12, 23.00),
('XKV-9408', 34, 10, 42.00),
('XOF-3834', 30, 14, 39.20),
('XSJ-9588', 6, 6, 27.20),
('XVZ-9779', 18, 3, 65.00),
('YCL-3455', 40, 9, 19.20),
('YFT-4696', 33, 5, 18.80),
('YGU-8181', 35, 1, 8.80),
('YIK-4865', 19, 8, 21.00),
('YKV-7723', 12, 6, 27.20),
('YMC-7927', 52, 4, 14.50),
('YVS-5723', 3, 1, 8.80),
('ZDJ-2118', 64, 6, 27.20),
('ZGY-4365', 67, 12, 23.00),
('ZMA-8307', 96, 2, 86.50),
('ZMU-2050', 68, 13, 39.20),
('ZQM-9777', 18, 5, 18.80);

-- --------------------------------------------------------

--
-- Table structure for table `car_model`
--

CREATE TABLE `car_model` (
  `model_id` int(5) NOT NULL,
  `manufacturer` varchar(15) NOT NULL,
  `battery_capacity` float(6,2) NOT NULL,
  `model_name` varchar(30) DEFAULT NULL
) ENGINE=InnoDB DEFAULT CHARSET=utf8mb4;

--
-- Dumping data for table `car_model`
--

INSERT INTO `car_model` (`model_id`, `manufacturer`, `battery_capacity`, `model_name`) VALUES
(1, 'Audi', 8.80, 'A3 Sportback 40 e-tron'),
(2, 'Audi', 86.50, 'e-tron 55'),
(3, 'Audi', 65.00, 'e-tron 50'),
(4, 'Citroen', 14.50, 'C-Zero'),
(5, 'BMW', 18.80, 'BMW i3 60 Ah'),
(6, 'BMW', 27.20, 'BMW i3 94 Ah'),
(7, 'BMW', 37.90, 'BMW i3 120 Ah'),
(8, 'BMW', 21.00, 'BMW X5'),
(9, 'Fiat', 19.20, '500e 2014'),
(10, 'Fiat', 42.00, '500e 2020'),
(11, 'Ford', 33.50, 'Focus electric 2017'),
(12, 'Ford', 23.00, 'Focus electric 2013'),
(13, 'Hyundai', 39.20, 'Kona 2018'),
(14, 'Hyundai', 39.20, 'Kona 2020'),
(15, 'Hyundai', 28.00, 'Ioniq 2016'),
(16, 'Hyundai', 38.30, 'Ioniq 2019'),
(17, 'Hyundai', 8.90, 'Ioniq 2016 PHEV');

-- --------------------------------------------------------

--
-- Table structure for table `charge_event`
--

CREATE TABLE `charge_event` (
  `event_id` int(5) NOT NULL,
  `user_id` int(5) NOT NULL,
  `station_id` int(5) NOT NULL,
  `point_id` int(5) NOT NULL,
  `license_plate` varchar(8) DEFAULT NULL,
  `start_time` timestamp NOT NULL DEFAULT current_timestamp(),
  `finish_time` timestamp NULL DEFAULT current_timestamp(),
  `kwh_transferred` float(6,2) DEFAULT NULL,
  `price` float(6,2) DEFAULT NULL,
  `payment_method` int(3) NOT NULL,
  `protocol` varchar(15) DEFAULT NULL
) ENGINE=InnoDB DEFAULT CHARSET=utf8mb4;

--
-- Dumping data for table `charge_event`
--

INSERT INTO `charge_event` (`event_id`, `user_id`, `station_id`, `point_id`, `license_plate`, `start_time`, `finish_time`, `kwh_transferred`, `price`, `payment_method`, `protocol`) VALUES
(1, 92, 6, 4, 'QYS-9423', '2021-01-08 00:20:13', '2021-01-08 00:54:29', 24.34, 6.09, 4, 'OSCP'),
(2, 7, 5, 4, 'LRH-7418', '2021-01-14 21:07:58', '2021-01-14 21:37:54', 15.76, 4.10, 2, 'OSCP'),
(3, 68, 6, 3, 'ZMU-2050', '2021-01-04 13:12:17', '2021-01-04 13:59:02', 8.09, 2.02, 4, 'OpenADR'),
(4, 86, 6, 1, 'ENR-3096', '2021-01-06 08:20:29', '2021-01-06 08:44:13', 8.33, 2.08, 1, 'OCPI'),
(5, 13, 9, 3, 'RSW-3048', '2021-01-08 21:56:48', '2021-01-08 22:35:07', 0.21, 0.05, 1, 'OCPI'),
(6, 77, 8, 1, 'VSL-5678', '2021-01-06 01:13:21', '2021-01-06 01:13:32', 9.00, 2.52, 4, 'OSCP'),
(7, 48, 9, 4, 'UKF-6232', '2021-01-13 07:01:21', '2021-01-13 07:07:12', 1.50, 0.35, 4, 'OSCP'),
(8, 19, 1, 1, 'GZX-9663', '2021-01-01 18:14:53', '2021-01-01 18:43:25', 4.33, 1.17, 1, 'OSCP'),
(9, 14, 5, 2, 'KYN-9224', '2021-01-06 05:05:00', '2021-01-06 05:09:58', 59.60, 15.50, 1, 'OSCP'),
(10, 12, 5, 2, 'WVW-2610', '2021-01-05 01:22:29', '2021-01-05 02:21:33', 10.26, 2.67, 4, 'OCPI'),
(11, 58, 5, 3, 'ODO-5698', '2021-01-05 15:36:38', '2021-01-05 16:16:54', 9.45, 2.46, 2, 'OCPI'),
(12, 2, 9, 4, 'MTN-8710', '2021-01-11 00:08:35', '2021-01-11 00:32:35', 47.73, 10.98, 1, 'OSCP'),
(13, 19, 9, 4, 'GZX-9663', '2021-01-06 16:37:27', '2021-01-06 17:36:29', 6.06, 1.39, 2, 'OSCP'),
(14, 62, 4, 2, 'LLM-8238', '2021-01-11 12:08:41', '2021-01-11 12:51:43', 12.80, 3.33, 3, 'OCPI'),
(15, 2, 7, 4, 'MTN-8710', '2021-01-10 06:53:20', '2021-01-10 07:31:13', 20.69, 5.17, 1, 'OpenADR'),
(16, 55, 2, 3, 'RMI-2640', '2021-01-05 16:06:23', '2021-01-05 16:06:34', 1.18, 0.32, 2, 'OSCP'),
(17, 83, 1, 3, 'BUV-3784', '2021-01-03 13:13:03', '2021-01-03 13:20:07', 33.02, 8.92, 4, 'OpenADR'),
(18, 11, 3, 4, 'EAH-1536', '2021-01-10 11:49:55', '2021-01-10 12:24:34', 4.99, 1.20, 1, 'OCPP'),
(19, 94, 9, 1, 'TBG-7902', '2021-01-09 02:30:26', '2021-01-09 03:02:18', 16.04, 3.69, 4, 'OCPI'),
(20, 86, 4, 4, 'ENR-3096', '2021-01-10 11:57:09', '2021-01-10 12:52:23', 3.94, 1.02, 2, 'OpenADR'),
(21, 67, 2, 2, 'ZGY-4365', '2021-01-10 12:52:48', '2021-01-10 12:53:12', 11.72, 3.16, 3, 'OCPP'),
(22, 88, 10, 1, 'HGL-6314', '2021-01-05 15:48:00', '2021-01-05 16:04:08', 4.21, 0.97, 2, 'OpenADR'),
(23, 53, 6, 1, 'JRH-5360', '2021-01-02 03:25:40', '2021-01-02 03:45:00', 32.46, 8.11, 4, 'OSCP'),
(24, 7, 9, 1, 'LRH-7418', '2021-01-09 09:06:19', '2021-01-09 09:54:24', 17.36, 3.99, 3, 'OSCP'),
(25, 74, 9, 4, 'SWP-5188', '2021-01-09 04:19:36', '2021-01-09 04:21:50', 11.78, 2.71, 2, 'OCPI'),
(26, 10, 3, 3, 'NJF-1788', '2021-01-03 02:11:46', '2021-01-03 02:58:35', 20.79, 4.99, 4, 'OCPI'),
(27, 64, 7, 2, 'ZDJ-2118', '2021-01-11 08:55:54', '2021-01-11 09:43:06', 20.97, 5.24, 3, 'OCPP'),
(28, 28, 10, 2, 'EWZ-7416', '2021-01-14 10:36:36', '2021-01-14 11:12:01', 13.08, 3.01, 3, 'OpenADR'),
(29, 73, 10, 4, 'BTB-4194', '2021-01-04 04:52:30', '2021-01-04 05:27:49', 4.47, 1.03, 3, 'OSCP'),
(30, 15, 10, 2, 'DFU-7180', '2021-01-14 05:43:15', '2021-01-14 05:53:26', 5.86, 1.35, 1, 'OCPI'),
(31, 23, 9, 1, 'KRF-2298', '2021-01-09 20:39:51', '2021-01-09 20:44:40', 6.69, 1.54, 2, 'OpenADR'),
(32, 94, 2, 4, 'TBG-7902', '2021-01-13 18:00:46', '2021-01-13 18:54:09', 14.76, 3.99, 2, 'OpenADR'),
(33, 70, 7, 1, 'JJI-3727', '2021-01-13 15:41:39', '2021-01-13 15:53:55', 10.17, 2.54, 3, 'OpenADR'),
(34, 13, 4, 4, 'RSW-3048', '2021-01-04 06:48:44', '2021-01-04 07:09:46', 30.57, 7.95, 3, 'OSCP'),
(35, 23, 7, 4, 'KRF-2298', '2021-01-09 10:15:10', '2021-01-09 10:23:24', 11.51, 2.88, 2, 'OSCP'),
(36, 43, 7, 4, 'PUU-4312', '2021-01-09 20:17:25', '2021-01-09 20:55:19', 24.71, 6.18, 4, 'OCPI'),
(37, 95, 10, 3, 'QBP-7987', '2021-01-10 04:34:24', '2021-01-10 05:19:01', 14.12, 3.25, 3, 'OSCP'),
(38, 8, 2, 2, 'ERP-4743', '2021-01-13 14:35:18', '2021-01-13 15:24:33', 0.44, 0.12, 3, 'OpenADR'),
(39, 69, 3, 3, 'EHP-7696', '2021-01-08 22:54:20', '2021-01-08 23:46:36', 3.78, 0.91, 2, 'OSCP'),
(40, 81, 2, 3, 'AIB-2288', '2021-01-04 14:26:46', '2021-01-04 15:20:11', 8.49, 2.29, 2, 'OpenADR'),
(41, 59, 1, 3, 'MNG-3601', '2021-01-05 10:22:59', '2021-01-05 11:13:06', 74.73, 20.18, 3, 'OSCP'),
(42, 56, 8, 2, 'SVU-6334', '2021-01-02 08:31:28', '2021-01-02 09:01:38', 5.19, 1.45, 3, 'OCPP'),
(43, 67, 3, 4, 'ZGY-4365', '2021-01-07 20:49:42', '2021-01-07 20:50:01', 14.48, 3.48, 4, 'OpenADR'),
(44, 11, 9, 4, 'EAH-1536', '2021-01-06 20:11:10', '2021-01-06 20:42:05', 15.49, 3.56, 1, 'OCPP'),
(45, 55, 1, 1, 'RMI-2640', '2021-01-04 19:11:26', '2021-01-04 19:44:53', 13.32, 3.60, 1, 'OpenADR'),
(46, 99, 10, 2, 'RBY-2055', '2021-01-10 10:22:27', '2021-01-10 10:36:51', 7.67, 1.76, 1, 'OSCP'),
(47, 41, 2, 1, 'OOD-8611', '2021-01-07 09:38:50', '2021-01-07 10:10:19', 20.15, 5.44, 4, 'OpenADR'),
(48, 55, 10, 2, 'RMI-2640', '2021-01-02 11:00:50', '2021-01-02 11:54:52', 0.06, 0.01, 4, 'OCPI'),
(49, 36, 1, 1, 'NES-7613', '2021-01-12 11:08:58', '2021-01-12 12:04:34', 34.63, 9.35, 2, 'OCPP'),
(50, 44, 9, 2, 'DBG-5962', '2020-12-31 23:02:28', '2020-12-31 23:58:10', 7.31, 1.68, 3, 'OpenADR'),
(51, 22, 4, 2, 'JYB-1860', '2021-01-01 16:02:12', '2021-01-01 16:53:44', 24.24, 6.30, 2, 'OSCP'),
(52, 88, 9, 2, 'HGL-6314', '2021-01-02 07:29:48', '2021-01-02 08:00:15', 10.51, 2.42, 4, 'OpenADR'),
(53, 92, 7, 1, 'QYS-9423', '2021-01-02 04:45:55', '2021-01-02 05:43:24', 36.68, 9.17, 4, 'OpenADR'),
(54, 51, 9, 3, 'DHP-1711', '2021-01-03 00:44:06', '2021-01-03 00:59:59', 7.73, 1.78, 3, 'OpenADR'),
(55, 46, 5, 3, 'WSX-5523', '2021-01-14 13:01:46', '2021-01-14 13:28:33', 13.63, 3.54, 2, 'OCPI'),
(56, 21, 8, 3, 'BTW-6531', '2021-01-11 20:48:02', '2021-01-11 21:14:12', 5.82, 1.63, 1, 'OCPI'),
(57, 91, 4, 2, 'UIA-1932', '2021-01-06 03:33:26', '2021-01-06 04:23:44', 3.87, 1.01, 2, 'OpenADR'),
(58, 41, 9, 2, 'OOD-8611', '2021-01-01 01:44:06', '2021-01-01 02:36:55', 26.29, 6.05, 3, 'OCPI'),
(59, 76, 9, 2, 'FSV-7660', '2021-01-13 02:14:44', '2021-01-13 03:07:45', 1.53, 0.35, 1, 'OSCP'),
(60, 15, 3, 4, 'DFU-7180', '2021-01-09 22:42:26', '2021-01-09 23:28:57', 4.74, 1.14, 2, 'OCPP'),
(61, 15, 8, 4, 'DFU-7180', '2021-01-06 09:14:50', '2021-01-06 09:28:11', 6.16, 1.72, 4, 'OCPP'),
(62, 74, 1, 2, 'SWP-5188', '2021-01-04 06:48:53', '2021-01-04 07:35:58', 16.27, 4.39, 4, 'OCPI'),
(63, 49, 5, 3, 'JWS-9193', '2021-01-01 03:55:00', '2021-01-01 04:10:10', 12.11, 3.15, 4, 'OSCP'),
(64, 82, 9, 1, 'JJP-8277', '2021-01-11 06:07:07', '2021-01-11 07:01:33', 1.56, 0.36, 1, 'OSCP'),
(65, 11, 9, 3, 'EAH-1536', '2021-01-12 21:47:25', '2021-01-12 22:33:57', 24.55, 5.65, 1, 'OCPI'),
(66, 37, 9, 1, 'JYM-3113', '2021-01-14 21:13:56', '2021-01-14 21:23:06', 2.48, 0.57, 2, 'OCPI'),
(67, 62, 2, 3, 'LLM-8238', '2021-01-02 14:01:59', '2021-01-02 14:28:05', 2.98, 0.80, 4, 'OCPP'),
(68, 54, 2, 4, 'WUI-2879', '2021-01-03 18:34:40', '2021-01-03 19:17:31', 75.61, 20.41, 4, 'OSCP'),
(69, 27, 10, 2, 'QER-2492', '2021-01-08 20:17:44', '2021-01-08 20:33:29', 28.28, 6.50, 1, 'OpenADR'),
(70, 25, 6, 1, 'EDW-1817', '2021-01-12 05:03:42', '2021-01-12 05:13:46', 33.43, 8.36, 2, 'OpenADR'),
(71, 30, 4, 2, 'MYR-1958', '2021-01-10 18:38:54', '2021-01-10 18:41:49', 4.22, 1.10, 2, 'OpenADR'),
(72, 49, 6, 2, 'JWS-9193', '2021-01-13 05:30:10', '2021-01-13 06:14:22', 19.44, 4.86, 1, 'OSCP'),
(73, 19, 2, 3, 'GZX-9663', '2021-01-01 10:49:10', '2021-01-01 11:21:16', 17.32, 4.68, 3, 'OpenADR'),
(74, 66, 6, 3, 'BWN-3178', '2021-01-01 01:56:20', '2021-01-01 02:24:04', 9.01, 2.25, 3, 'OCPP'),
(75, 63, 5, 2, 'WWF-1786', '2021-01-14 05:31:44', '2021-01-14 06:13:58', 2.33, 0.61, 2, 'OCPI'),
(76, 29, 8, 4, 'MOA-3023', '2021-01-09 16:11:43', '2021-01-09 16:19:33', 3.87, 1.08, 1, 'OCPI'),
(77, 56, 10, 4, 'SVU-6334', '2021-01-03 03:40:12', '2021-01-03 04:12:28', 18.10, 4.16, 1, 'OSCP'),
(78, 57, 4, 3, 'FAD-1102', '2021-01-06 23:38:39', '2021-01-06 23:56:20', 3.41, 0.89, 4, 'OpenADR'),
(79, 50, 2, 3, 'ERM-9695', '2021-01-05 20:53:13', '2021-01-05 21:44:39', 16.05, 4.33, 4, 'OpenADR'),
(80, 47, 4, 4, 'JLI-8782', '2021-01-11 03:55:56', '2021-01-11 04:19:54', 8.02, 2.09, 4, 'OCPP'),
(81, 70, 9, 4, 'JJI-3727', '2021-01-01 05:47:35', '2021-01-01 06:12:58', 0.06, 0.01, 2, 'OSCP'),
(82, 8, 10, 3, 'ERP-4743', '2021-01-06 16:58:20', '2021-01-06 17:53:10', 2.69, 0.62, 3, 'OpenADR'),
(83, 57, 6, 1, 'FAD-1102', '2021-01-12 05:20:49', '2021-01-12 05:38:41', 31.82, 7.95, 2, 'OpenADR'),
(84, 16, 8, 1, 'CSX-2400', '2021-01-08 18:15:18', '2021-01-08 18:59:57', 0.89, 0.25, 2, 'OSCP'),
(85, 26, 9, 1, 'GIF-8661', '2021-01-01 12:13:50', '2021-01-01 13:03:21', 21.65, 4.98, 4, 'OCPI'),
(86, 44, 4, 1, 'DBG-5962', '2021-01-04 02:16:31', '2021-01-04 03:10:01', 5.61, 1.46, 3, 'OCPI'),
(87, 63, 8, 4, 'WWF-1786', '2021-01-09 12:36:48', '2021-01-09 13:35:36', 4.28, 1.20, 2, 'OCPI'),
(88, 94, 10, 4, 'TBG-7902', '2021-01-02 06:12:56', '2021-01-02 06:26:16', 25.65, 5.90, 1, 'OSCP'),
(89, 77, 1, 2, 'VSL-5678', '2021-01-12 00:56:12', '2021-01-12 01:06:18', 5.20, 1.40, 2, 'OpenADR'),
(90, 46, 5, 3, 'WSX-5523', '2021-01-13 16:59:02', '2021-01-13 17:09:21', 19.43, 5.05, 2, 'OCPI'),
(91, 35, 1, 3, 'MXJ-9058', '2021-01-05 11:39:40', '2021-01-05 12:00:51', 15.15, 4.09, 1, 'OSCP'),
(92, 80, 8, 2, 'CRG-9220', '2021-01-12 23:24:22', '2021-01-12 23:39:07', 1.49, 0.42, 1, 'OSCP'),
(93, 68, 8, 4, 'ZMU-2050', '2021-01-10 17:54:43', '2021-01-10 18:04:47', 21.22, 5.94, 3, 'OSCP'),
(94, 27, 4, 2, 'QER-2492', '2021-01-13 20:49:36', '2021-01-13 20:55:30', 19.25, 5.00, 1, 'OCPP'),
(95, 65, 6, 4, 'JNN-9656', '2021-01-04 04:59:05', '2021-01-04 05:58:13', 6.74, 1.68, 3, 'OpenADR'),
(96, 39, 2, 1, 'OUT-6650', '2021-01-05 07:49:30', '2021-01-05 08:27:19', 0.90, 0.24, 2, 'OpenADR'),
(97, 50, 8, 1, 'ERM-9695', '2021-01-12 00:45:05', '2021-01-12 00:56:38', 0.85, 0.24, 4, 'OpenADR'),
(98, 41, 9, 4, 'OOD-8611', '2021-01-01 12:23:34', '2021-01-01 12:27:42', 29.01, 6.67, 3, 'OCPI'),
(99, 98, 1, 4, 'IBW-8841', '2021-01-02 04:13:48', '2021-01-02 04:59:38', 31.85, 8.60, 1, 'OSCP'),
(100, 54, 3, 1, 'WUI-2879', '2021-01-01 17:37:22', '2021-01-01 18:13:58', 54.39, 13.05, 1, 'OpenADR'),
(101, 89, 4, 4, 'GGZ-4799', '2021-01-09 08:39:13', '2021-01-09 09:24:35', 29.82, 7.75, 4, 'OpenADR'),
(102, 62, 1, 4, 'LLM-8238', '2021-01-02 18:46:18', '2021-01-02 19:43:12', 14.88, 4.02, 1, 'OpenADR'),
(103, 60, 1, 2, 'MHX-1134', '2021-01-04 04:17:56', '2021-01-04 04:46:10', 11.80, 3.19, 1, 'OCPP'),
(104, 88, 7, 3, 'HGL-6314', '2021-01-06 00:48:54', '2021-01-06 01:19:12', 1.54, 0.38, 4, 'OpenADR'),
(105, 64, 10, 3, 'ZDJ-2118', '2021-01-03 00:26:17', '2021-01-03 00:32:57', 13.67, 3.14, 2, 'OCPI'),
(106, 71, 2, 1, 'OVH-4322', '2021-01-11 06:14:20', '2021-01-11 06:16:35', 4.83, 1.30, 1, 'OSCP'),
(107, 26, 10, 2, 'GIF-8661', '2021-01-09 11:02:31', '2021-01-09 11:53:36', 9.33, 2.15, 1, 'OCPI'),
(108, 32, 1, 4, 'FHX-8529', '2021-01-12 15:06:44', '2021-01-12 15:15:17', 49.35, 13.32, 4, 'OCPP'),
(109, 41, 6, 4, 'OOD-8611', '2021-01-05 05:31:27', '2021-01-05 05:40:45', 24.16, 6.04, 2, 'OCPI'),
(110, 13, 1, 4, 'RSW-3048', '2021-01-05 01:10:32', '2021-01-05 01:31:13', 34.64, 9.35, 1, 'OCPI'),
(111, 54, 10, 4, 'WUI-2879', '2021-01-03 12:16:28', '2021-01-03 12:31:52', 45.09, 10.37, 2, 'OCPI'),
(112, 17, 5, 4, 'JQZ-5743', '2021-01-05 23:13:41', '2021-01-05 23:28:26', 8.06, 2.10, 1, 'OSCP'),
(113, 82, 1, 2, 'JJP-8277', '2021-01-03 18:34:34', '2021-01-03 19:01:58', 5.20, 1.40, 4, 'OCPP'),
(114, 85, 6, 4, 'FEK-4619', '2021-01-05 15:12:36', '2021-01-05 15:45:11', 18.07, 4.52, 4, 'OCPP'),
(115, 19, 10, 4, 'GZX-9663', '2021-01-07 15:04:39', '2021-01-07 15:25:14', 30.11, 6.93, 4, 'OCPI'),
(116, 15, 2, 1, 'DFU-7180', '2021-01-13 00:11:58', '2021-01-13 00:16:57', 7.75, 2.09, 1, 'OSCP'),
(117, 36, 6, 4, 'NES-7613', '2021-01-01 06:35:28', '2021-01-01 06:58:31', 64.58, 16.15, 1, 'OSCP'),
(118, 73, 4, 4, 'BTB-4194', '2021-01-01 23:44:42', '2021-01-02 00:24:48', 10.24, 2.66, 3, 'OCPP'),
(119, 46, 5, 4, 'WSX-5523', '2021-01-06 08:33:34', '2021-01-06 08:44:47', 0.27, 0.07, 1, 'OSCP'),
(120, 91, 7, 2, 'UIA-1932', '2021-01-06 12:18:32', '2021-01-06 13:14:08', 1.32, 0.33, 3, 'OpenADR'),
(121, 85, 7, 2, 'FEK-4619', '2021-01-03 19:42:35', '2021-01-03 19:46:46', 25.73, 6.43, 3, 'OSCP'),
(122, 26, 9, 4, 'GIF-8661', '2021-01-05 15:42:59', '2021-01-05 16:16:57', 8.91, 2.05, 2, 'OCPI'),
(123, 14, 5, 4, 'KYN-9224', '2021-01-03 06:16:53', '2021-01-03 06:53:59', 14.02, 3.65, 3, 'OCPI'),
(124, 1, 8, 1, 'ALT-7608', '2021-01-01 18:18:37', '2021-01-01 18:42:04', 2.09, 0.59, 3, 'OpenADR'),
(125, 92, 9, 2, 'QYS-9423', '2021-01-08 16:25:41', '2021-01-08 16:31:30', 31.98, 7.36, 4, 'OpenADR'),
(126, 32, 1, 2, 'FHX-8529', '2021-01-03 05:29:52', '2021-01-03 05:48:28', 60.60, 16.36, 4, 'OSCP'),
(127, 4, 8, 2, 'BQZ-1795', '2021-01-13 02:16:55', '2021-01-13 02:32:16', 38.98, 10.91, 3, 'OCPP'),
(128, 86, 1, 3, 'ENR-3096', '2021-01-13 14:44:46', '2021-01-13 15:05:34', 3.50, 0.95, 3, 'OpenADR'),
(129, 44, 9, 1, 'DBG-5962', '2021-01-02 12:49:21', '2021-01-02 13:47:08', 6.12, 1.41, 1, 'OCPI'),
(130, 82, 4, 1, 'JJP-8277', '2021-01-04 20:49:40', '2021-01-04 21:36:02', 3.74, 0.97, 1, 'OCPI'),
(131, 14, 8, 4, 'KYN-9224', '2021-01-11 09:11:42', '2021-01-11 10:10:01', 21.29, 5.96, 2, 'OSCP'),
(132, 98, 9, 1, 'IBW-8841', '2021-01-08 16:04:51', '2021-01-08 16:37:12', 3.06, 0.70, 2, 'OpenADR'),
(133, 65, 6, 2, 'JNN-9656', '2021-01-02 05:01:35', '2021-01-02 05:48:11', 3.27, 0.82, 2, 'OCPI'),
(134, 23, 10, 2, 'KRF-2298', '2021-01-09 07:41:26', '2021-01-09 07:57:17', 18.67, 4.29, 4, 'OSCP'),
(135, 76, 10, 3, 'FSV-7660', '2021-01-13 13:24:21', '2021-01-13 14:23:36', 13.08, 3.01, 3, 'OCPI'),
(136, 29, 1, 1, 'MOA-3023', '2021-01-12 23:14:07', '2021-01-12 23:22:38', 4.10, 1.11, 3, 'OSCP'),
(137, 14, 2, 2, 'KYN-9224', '2021-01-06 01:55:52', '2021-01-06 02:40:35', 64.42, 17.39, 1, 'OCPI'),
(138, 95, 6, 3, 'QBP-7987', '2021-01-06 23:57:22', '2021-01-07 00:15:14', 13.20, 3.30, 4, 'OSCP'),
(139, 26, 3, 3, 'GIF-8661', '2021-01-03 09:48:29', '2021-01-03 10:03:30', 16.55, 3.97, 2, 'OCPP'),
(140, 19, 5, 2, 'GZX-9663', '2021-01-03 04:37:44', '2021-01-03 04:59:05', 21.98, 5.71, 1, 'OCPI'),
(141, 49, 2, 2, 'JWS-9193', '2021-01-10 12:35:43', '2021-01-10 12:37:13', 6.46, 1.74, 1, 'OSCP'),
(142, 52, 5, 4, 'YMC-7927', '2021-01-08 15:31:28', '2021-01-08 15:34:47', 4.87, 1.27, 4, 'OpenADR'),
(143, 53, 10, 1, 'JRH-5360', '2021-01-11 14:18:06', '2021-01-11 14:30:00', 28.17, 6.48, 3, 'OSCP'),
(144, 13, 10, 4, 'RSW-3048', '2021-01-08 13:39:26', '2021-01-08 14:28:50', 3.09, 0.71, 4, 'OCPI'),
(145, 88, 4, 2, 'HGL-6314', '2021-01-13 13:36:54', '2021-01-13 14:08:02', 14.55, 3.78, 1, 'OpenADR'),
(146, 11, 7, 3, 'EAH-1536', '2021-01-07 07:08:47', '2021-01-07 07:16:05', 0.49, 0.12, 1, 'OCPI'),
(147, 29, 7, 1, 'MOA-3023', '2021-01-12 09:30:54', '2021-01-12 09:33:52', 8.88, 2.22, 4, 'OCPP'),
(148, 79, 2, 1, 'QRN-8541', '2021-01-03 02:22:49', '2021-01-03 03:15:36', 1.65, 0.45, 3, 'OCPP'),
(149, 19, 8, 1, 'GZX-9663', '2021-01-05 05:57:28', '2021-01-05 06:12:17', 19.59, 5.49, 3, 'OpenADR'),
(150, 57, 8, 4, 'FAD-1102', '2021-01-03 17:48:20', '2021-01-03 18:23:58', 31.28, 8.76, 2, 'OCPI'),
(151, 43, 9, 3, 'PUU-4312', '2021-01-03 14:31:59', '2021-01-03 14:45:30', 27.50, 6.33, 1, 'OpenADR'),
(152, 81, 3, 4, 'AIB-2288', '2021-01-10 17:41:23', '2021-01-10 18:01:55', 7.68, 1.84, 1, 'OCPI'),
(153, 26, 7, 1, 'GIF-8661', '2021-01-11 23:06:51', '2021-01-11 23:08:50', 1.60, 0.40, 2, 'OCPI'),
(154, 30, 8, 2, 'MYR-1958', '2021-01-01 08:27:43', '2021-01-01 08:35:52', 5.17, 1.45, 1, 'OCPI'),
(155, 91, 5, 1, 'UIA-1932', '2021-01-11 18:50:22', '2021-01-11 19:25:02', 3.81, 0.99, 3, 'OSCP'),
(156, 53, 9, 1, 'JRH-5360', '2021-01-05 15:05:33', '2021-01-05 15:34:14', 4.28, 0.98, 4, 'OpenADR'),
(157, 2, 1, 2, 'MTN-8710', '2021-01-05 10:46:48', '2021-01-05 11:26:06', 46.76, 12.63, 1, 'OSCP'),
(158, 82, 3, 3, 'JJP-8277', '2021-01-03 15:32:41', '2021-01-03 16:22:57', 3.08, 0.74, 2, 'OpenADR'),
(159, 93, 8, 3, 'TQU-5957', '2021-01-11 09:39:30', '2021-01-11 09:52:49', 9.33, 2.61, 3, 'OCPI'),
(160, 82, 3, 2, 'JJP-8277', '2021-01-05 13:00:30', '2021-01-05 13:36:05', 4.19, 1.01, 2, 'OCPI'),
(161, 22, 8, 4, 'JYB-1860', '2021-01-02 17:19:24', '2021-01-02 17:37:13', 7.99, 2.24, 4, 'OpenADR'),
(162, 81, 1, 2, 'AIB-2288', '2021-01-14 15:27:49', '2021-01-14 16:09:59', 12.90, 3.48, 4, 'OCPP'),
(163, 72, 2, 2, 'HJZ-9936', '2021-01-08 11:05:50', '2021-01-08 11:43:04', 13.46, 3.63, 4, 'OSCP'),
(164, 57, 9, 4, 'FAD-1102', '2021-01-14 10:14:22', '2021-01-14 11:13:53', 21.71, 4.99, 1, 'OSCP'),
(165, 79, 9, 3, 'QRN-8541', '2021-01-03 08:21:42', '2021-01-03 08:27:26', 9.37, 2.16, 1, 'OpenADR'),
(166, 25, 9, 2, 'EDW-1817', '2021-01-03 06:33:38', '2021-01-03 07:03:34', 8.23, 1.89, 2, 'OSCP'),
(167, 34, 7, 4, 'QEV-3556', '2021-01-05 10:24:17', '2021-01-05 10:36:38', 9.17, 2.29, 3, 'OCPP'),
(168, 77, 6, 1, 'VSL-5678', '2021-01-08 04:14:21', '2021-01-08 04:46:06', 18.20, 4.55, 3, 'OpenADR'),
(169, 74, 6, 4, 'SWP-5188', '2021-01-02 02:34:07', '2021-01-02 02:35:40', 0.00, 0.00, 4, 'OCPI'),
(170, 30, 10, 2, 'MYR-1958', '2021-01-13 01:02:57', '2021-01-13 01:35:20', 4.30, 0.99, 1, 'OCPI'),
(171, 36, 5, 4, 'NES-7613', '2021-01-13 01:23:51', '2021-01-13 02:00:55', 24.01, 6.24, 2, 'OSCP'),
(172, 92, 7, 2, 'QYS-9423', '2021-01-04 15:07:51', '2021-01-04 15:35:53', 10.67, 2.67, 4, 'OpenADR'),
(173, 17, 2, 3, 'JQZ-5743', '2021-01-14 02:45:59', '2021-01-14 03:14:49', 2.02, 0.55, 2, 'OpenADR'),
(174, 93, 4, 2, 'TQU-5957', '2021-01-12 15:07:17', '2021-01-12 16:07:11', 11.71, 3.04, 3, 'OSCP'),
(175, 69, 5, 4, 'EHP-7696', '2021-01-14 02:35:35', '2021-01-14 03:08:24', 13.67, 3.55, 3, 'OCPI'),
(176, 72, 1, 2, 'HJZ-9936', '2021-01-05 22:16:59', '2021-01-05 23:01:14', 10.42, 2.81, 3, 'OpenADR'),
(177, 43, 6, 2, 'PUU-4312', '2021-01-12 22:48:39', '2021-01-12 22:51:18', 25.07, 6.27, 1, 'OpenADR'),
(178, 61, 2, 4, 'KIA-3289', '2021-01-10 07:36:25', '2021-01-10 07:36:46', 0.87, 0.23, 3, 'OCPI'),
(179, 29, 3, 1, 'MOA-3023', '2021-01-11 02:41:06', '2021-01-11 03:34:46', 3.11, 0.75, 4, 'OSCP'),
(180, 39, 2, 2, 'OUT-6650', '2021-01-02 16:43:40', '2021-01-02 17:10:44', 7.03, 1.90, 4, 'OCPI'),
(181, 27, 6, 3, 'QER-2492', '2021-01-08 03:48:35', '2021-01-08 04:22:47', 11.43, 2.86, 3, 'OSCP'),
(182, 29, 7, 1, 'MOA-3023', '2021-01-07 20:17:51', '2021-01-07 20:47:30', 3.39, 0.85, 1, 'OCPI'),
(183, 78, 2, 4, 'MKH-8567', '2021-01-13 13:28:08', '2021-01-13 14:13:37', 32.08, 8.66, 4, 'OCPI'),
(184, 49, 2, 1, 'JWS-9193', '2021-01-08 08:32:45', '2021-01-08 08:51:02', 1.16, 0.31, 3, 'OCPI'),
(185, 84, 10, 3, 'GCH-4716', '2021-01-14 17:32:33', '2021-01-14 17:47:24', 8.42, 1.94, 3, 'OCPI'),
(186, 96, 7, 4, 'ZMA-8307', '2021-01-09 21:50:52', '2021-01-09 22:10:07', 1.98, 0.50, 1, 'OpenADR'),
(187, 8, 5, 3, 'ERP-4743', '2021-01-02 03:55:33', '2021-01-02 04:47:03', 3.30, 0.86, 2, 'OSCP'),
(188, 42, 4, 3, 'HOS-9576', '2021-01-04 15:34:00', '2021-01-04 15:53:35', 13.50, 3.51, 3, 'OCPI'),
(189, 99, 5, 2, 'RBY-2055', '2021-01-12 02:50:54', '2021-01-12 02:54:10', 3.32, 0.86, 3, 'OSCP'),
(190, 16, 3, 4, 'CSX-2400', '2021-01-08 05:21:03', '2021-01-08 05:38:27', 0.94, 0.23, 2, 'OpenADR'),
(191, 93, 7, 4, 'TQU-5957', '2021-01-10 01:00:30', '2021-01-10 01:17:33', 11.38, 2.85, 4, 'OSCP'),
(192, 91, 10, 2, 'UIA-1932', '2021-01-11 17:48:38', '2021-01-11 18:21:31', 6.30, 1.45, 4, 'OCPI'),
(193, 18, 5, 2, 'XVZ-9779', '2021-01-10 21:10:41', '2021-01-10 22:03:48', 33.91, 8.82, 4, 'OCPP'),
(194, 41, 5, 1, 'OOD-8611', '2021-01-02 12:10:33', '2021-01-02 12:57:20', 33.77, 8.78, 4, 'OpenADR'),
(195, 81, 8, 1, 'AIB-2288', '2021-01-02 11:14:20', '2021-01-02 11:28:46', 20.47, 5.73, 4, 'OSCP'),
(196, 83, 2, 3, 'BUV-3784', '2021-01-11 03:01:11', '2021-01-11 03:52:49', 33.08, 8.93, 1, 'OpenADR'),
(197, 18, 1, 1, 'XVZ-9779', '2021-01-10 01:03:16', '2021-01-10 01:37:59', 60.84, 16.43, 1, 'OCPP'),
(198, 66, 9, 2, 'BWN-3178', '2021-01-02 21:15:14', '2021-01-02 21:33:45', 16.99, 3.91, 4, 'OCPI'),
(199, 100, 6, 1, 'CLC-5889', '2021-01-06 04:17:00', '2021-01-06 05:05:18', 9.77, 2.44, 1, 'OCPP'),
(200, 1, 6, 3, 'ALT-7608', '2021-01-05 17:26:26', '2021-01-05 17:32:11', 14.30, 3.58, 4, 'OpenADR'),
(201, 18, 15, 3, 'XVZ-9779', '2021-01-06 18:36:43', '2021-01-06 18:40:26', 7.45, 2.01, 1, 'OCPI'),
(202, 34, 15, 2, 'QEV-3556', '2021-01-07 19:33:18', '2021-01-07 19:34:30', 6.24, 1.68, 4, 'OSCP'),
(203, 52, 14, 1, 'YMC-7927', '2021-01-03 13:07:46', '2021-01-03 14:02:27', 10.02, 2.61, 3, 'OSCP'),
(204, 35, 17, 2, 'MXJ-9058', '2021-01-09 11:28:52', '2021-01-09 11:58:30', 2.61, 0.65, 3, 'OCPI'),
(205, 20, 13, 1, 'KCJ-5428', '2021-01-07 07:47:22', '2021-01-07 08:31:20', 5.63, 1.69, 3, 'OpenADR'),
(206, 76, 20, 1, 'FSV-7660', '2021-01-12 09:19:24', '2021-01-12 09:30:13', 4.41, 1.23, 1, 'OCPI'),
(207, 63, 19, 1, 'WWF-1786', '2021-01-11 18:22:27', '2021-01-11 19:04:25', 5.49, 1.48, 1, 'OpenADR'),
(208, 59, 17, 3, 'MNG-3601', '2021-01-14 01:03:20', '2021-01-14 02:00:36', 0.52, 0.13, 1, 'OCPP'),
(209, 92, 12, 2, 'QYS-9423', '2021-01-07 10:24:09', '2021-01-07 11:04:27', 35.79, 7.87, 3, 'OpenADR'),
(210, 24, 11, 1, 'MGZ-1095', '2021-01-05 14:21:38', '2021-01-05 14:51:08', 18.12, 5.44, 4, 'OSCP'),
(211, 31, 17, 1, 'JTK-3214', '2021-01-09 10:31:20', '2021-01-09 10:57:46', 2.89, 0.72, 4, 'OSCP'),
(212, 74, 15, 3, 'SWP-5188', '2021-01-04 21:10:55', '2021-01-04 21:54:25', 20.21, 5.46, 1, 'OpenADR'),
(213, 15, 16, 2, 'DFU-7180', '2021-01-13 16:13:09', '2021-01-13 16:31:11', 2.66, 0.67, 2, 'OCPI'),
(214, 72, 19, 1, 'HJZ-9936', '2021-01-07 21:31:34', '2021-01-07 21:51:07', 11.72, 3.16, 4, 'OpenADR'),
(215, 100, 12, 2, 'CLC-5889', '2021-01-02 11:25:19', '2021-01-02 12:08:45', 18.13, 3.99, 2, 'OpenADR'),
(216, 27, 20, 2, 'QER-2492', '2021-01-07 21:55:28', '2021-01-07 22:33:53', 37.28, 10.44, 4, 'OpenADR'),
(217, 90, 18, 3, 'BDK-4108', '2021-01-13 06:10:39', '2021-01-13 06:12:15', 30.73, 8.91, 2, 'OCPP'),
(218, 33, 19, 2, 'SNS-6842', '2021-01-08 17:55:40', '2021-01-08 18:08:15', 11.59, 3.13, 3, 'OSCP'),
(219, 14, 13, 3, 'KYN-9224', '2021-01-09 05:35:55', '2021-01-09 06:33:53', 63.23, 18.97, 2, 'OpenADR'),
(220, 39, 16, 1, 'OUT-6650', '2021-01-14 18:30:40', '2021-01-14 18:42:35', 5.75, 1.44, 1, 'OCPI'),
(221, 15, 14, 2, 'DFU-7180', '2021-01-08 18:42:55', '2021-01-08 18:48:26', 7.66, 1.99, 1, 'OCPI'),
(222, 93, 20, 2, 'TQU-5957', '2021-01-13 22:26:52', '2021-01-13 23:18:33', 2.54, 0.71, 1, 'OCPP'),
(223, 88, 17, 2, 'HGL-6314', '2021-01-06 14:01:23', '2021-01-06 14:03:06', 10.53, 2.63, 1, 'OCPI'),
(224, 75, 19, 2, 'FIL-9389', '2021-01-02 07:44:56', '2021-01-02 08:18:20', 17.23, 4.65, 3, 'OCPP'),
(225, 21, 13, 3, 'BTW-6531', '2021-01-13 22:45:49', '2021-01-13 23:27:29', 16.93, 5.08, 2, 'OSCP'),
(226, 16, 15, 1, 'CSX-2400', '2021-01-08 01:18:14', '2021-01-08 02:06:15', 2.02, 0.55, 3, 'OpenADR'),
(227, 32, 14, 2, 'FHX-8529', '2021-01-03 17:29:53', '2021-01-03 18:24:46', 24.94, 6.48, 3, 'OpenADR'),
(228, 43, 16, 1, 'PUU-4312', '2021-01-12 22:31:29', '2021-01-12 22:41:42', 4.56, 1.14, 4, 'OpenADR'),
(229, 10, 17, 2, 'NJF-1788', '2021-01-14 14:17:21', '2021-01-14 14:23:36', 17.96, 4.49, 4, 'OpenADR'),
(230, 27, 13, 3, 'QER-2492', '2021-01-13 18:31:36', '2021-01-13 18:32:05', 0.53, 0.16, 4, 'OCPI'),
(231, 57, 17, 1, 'FAD-1102', '2021-01-10 23:46:03', '2021-01-11 00:29:33', 14.73, 3.68, 3, 'OSCP'),
(232, 2, 13, 3, 'MTN-8710', '2021-01-05 00:12:36', '2021-01-05 00:48:28', 85.22, 25.57, 4, 'OCPP'),
(233, 46, 15, 2, 'WSX-5523', '2021-01-02 10:48:49', '2021-01-02 11:37:31', 27.06, 7.31, 1, 'OCPP'),
(234, 32, 19, 2, 'FHX-8529', '2021-01-03 07:05:14', '2021-01-03 07:20:56', 7.89, 2.13, 2, 'OCPI'),
(235, 2, 17, 1, 'MTN-8710', '2021-01-10 02:20:44', '2021-01-10 03:13:01', 26.31, 6.58, 4, 'OCPI'),
(236, 12, 20, 2, 'WVW-2610', '2021-01-07 01:20:37', '2021-01-07 01:54:45', 10.42, 2.92, 1, 'OpenADR'),
(237, 36, 17, 2, 'NES-7613', '2021-01-01 19:40:54', '2021-01-01 19:54:33', 56.32, 14.08, 4, 'OCPI'),
(238, 96, 16, 3, 'ZMA-8307', '2021-01-06 03:15:09', '2021-01-06 03:40:51', 0.41, 0.10, 4, 'OpenADR'),
(239, 54, 20, 2, 'WUI-2879', '2021-01-10 15:59:29', '2021-01-10 16:26:51', 62.29, 17.44, 1, 'OpenADR'),
(240, 1, 20, 1, 'ALT-7608', '2021-01-01 21:57:41', '2021-01-01 22:57:16', 31.75, 8.89, 3, 'OSCP'),
(241, 79, 13, 2, 'QRN-8541', '2021-01-08 03:16:52', '2021-01-08 03:52:34', 12.88, 3.86, 3, 'OCPI'),
(242, 1, 11, 3, 'ALT-7608', '2021-01-01 04:35:42', '2021-01-01 05:35:16', 15.34, 4.60, 4, 'OSCP'),
(243, 93, 13, 2, 'TQU-5957', '2021-01-04 00:41:43', '2021-01-04 00:52:18', 16.98, 5.09, 2, 'OSCP'),
(244, 71, 15, 3, 'OVH-4322', '2021-01-05 11:26:55', '2021-01-05 12:20:59', 2.10, 0.57, 4, 'OCPI'),
(245, 2, 12, 3, 'MTN-8710', '2021-01-13 18:03:50', '2021-01-13 19:02:13', 48.90, 10.76, 3, 'OCPI'),
(246, 31, 11, 2, 'JTK-3214', '2021-01-04 14:20:35', '2021-01-04 14:30:11', 3.79, 1.14, 2, 'OCPI'),
(247, 2, 15, 1, 'MTN-8710', '2021-01-09 15:07:03', '2021-01-09 15:59:42', 79.06, 21.35, 2, 'OpenADR'),
(248, 3, 19, 3, 'DPW-4808', '2021-01-04 06:00:52', '2021-01-04 06:55:11', 62.05, 16.75, 3, 'OSCP'),
(249, 44, 13, 1, 'DBG-5962', '2021-01-06 19:35:09', '2021-01-06 20:28:36', 13.76, 4.13, 3, 'OpenADR'),
(250, 14, 13, 3, 'KYN-9224', '2021-01-01 00:10:50', '2021-01-01 00:54:58', 57.86, 17.36, 2, 'OSCP'),
(251, 10, 16, 1, 'NJF-1788', '2021-01-05 11:34:45', '2021-01-05 11:34:57', 4.42, 1.11, 3, 'OCPI'),
(252, 74, 19, 2, 'SWP-5188', '2021-01-08 20:41:05', '2021-01-08 21:29:31', 9.04, 2.44, 3, 'OCPP'),
(253, 33, 16, 1, 'SNS-6842', '2021-01-09 23:50:25', '2021-01-09 23:51:49', 8.90, 2.22, 4, 'OpenADR'),
(254, 100, 16, 3, 'CLC-5889', '2021-01-14 00:48:40', '2021-01-14 01:30:13', 5.33, 1.33, 1, 'OCPI'),
(255, 23, 12, 1, 'KRF-2298', '2021-01-13 16:23:00', '2021-01-13 16:46:24', 2.45, 0.54, 1, 'OpenADR'),
(256, 84, 18, 1, 'GCH-4716', '2021-01-10 02:18:38', '2021-01-10 03:10:50', 5.81, 1.68, 2, 'OCPI'),
(257, 34, 20, 2, 'QEV-3556', '2021-01-07 10:09:02', '2021-01-07 10:19:40', 3.67, 1.03, 1, 'OCPP'),
(258, 74, 11, 1, 'SWP-5188', '2021-01-01 01:11:30', '2021-01-01 01:27:55', 7.56, 2.27, 3, 'OSCP'),
(259, 54, 11, 3, 'WUI-2879', '2021-01-10 20:32:18', '2021-01-10 21:22:17', 3.17, 0.95, 4, 'OCPP'),
(260, 36, 15, 3, 'NES-7613', '2021-01-04 10:15:08', '2021-01-04 10:35:42', 14.58, 3.94, 2, 'OpenADR'),
(261, 72, 20, 1, 'HJZ-9936', '2021-01-07 13:34:20', '2021-01-07 13:47:01', 27.34, 7.66, 1, 'OSCP'),
(262, 47, 14, 1, 'JLI-8782', '2021-01-08 09:00:22', '2021-01-08 09:01:58', 20.53, 5.34, 3, 'OSCP'),
(263, 30, 20, 1, 'MYR-1958', '2021-01-09 20:24:51', '2021-01-09 20:54:39', 6.00, 1.68, 4, 'OSCP'),
(264, 62, 20, 1, 'LLM-8238', '2021-01-11 01:39:41', '2021-01-11 02:03:41', 7.88, 2.21, 4, 'OSCP'),
(265, 6, 11, 1, 'AQH-4533', '2021-01-09 11:57:48', '2021-01-09 12:28:17', 38.22, 11.47, 2, 'OpenADR'),
(266, 9, 17, 3, 'AQT-2558', '2021-01-08 12:34:40', '2021-01-08 12:54:54', 7.11, 1.78, 4, 'OpenADR'),
(267, 61, 13, 3, 'KIA-3289', '2021-01-02 11:26:45', '2021-01-02 11:36:19', 21.68, 6.50, 3, 'OpenADR'),
(268, 25, 17, 3, 'EDW-1817', '2021-01-10 18:22:46', '2021-01-10 19:09:42', 24.83, 6.21, 4, 'OCPP'),
(269, 30, 12, 1, 'MYR-1958', '2021-01-04 19:52:55', '2021-01-04 20:18:46', 8.18, 1.80, 1, 'OCPI'),
(270, 47, 15, 2, 'JLI-8782', '2021-01-13 15:47:44', '2021-01-13 16:36:03', 2.82, 0.76, 3, 'OpenADR'),
(271, 87, 19, 1, 'AIE-8476', '2021-01-07 00:38:00', '2021-01-07 01:21:51', 4.83, 1.30, 2, 'OpenADR'),
(272, 13, 14, 3, 'RSW-3048', '2021-01-14 21:24:56', '2021-01-14 21:39:05', 29.12, 7.57, 3, 'OpenADR'),
(273, 52, 17, 2, 'YMC-7927', '2021-01-13 07:25:22', '2021-01-13 08:24:26', 6.49, 1.62, 3, 'OSCP'),
(274, 49, 14, 3, 'JWS-9193', '2021-01-02 17:26:11', '2021-01-02 17:38:53', 13.63, 3.54, 3, 'OCPI'),
(275, 79, 15, 1, 'QRN-8541', '2021-01-09 22:53:54', '2021-01-09 23:00:04', 7.28, 1.97, 2, 'OCPP'),
(276, 32, 14, 1, 'FHX-8529', '2021-01-13 14:25:29', '2021-01-13 15:18:03', 29.66, 7.71, 4, 'OpenADR'),
(277, 41, 17, 2, 'OOD-8611', '2021-01-11 21:54:21', '2021-01-11 21:58:32', 12.39, 3.10, 3, 'OCPI'),
(278, 1, 18, 1, 'ALT-7608', '2021-01-03 01:42:56', '2021-01-03 02:26:00', 14.97, 4.34, 1, 'OpenADR'),
(279, 43, 11, 2, 'PUU-4312', '2021-01-03 01:55:16', '2021-01-03 02:17:53', 24.17, 7.25, 1, 'OCPI'),
(280, 71, 13, 3, 'OVH-4322', '2021-01-11 03:36:09', '2021-01-11 04:19:54', 4.81, 1.44, 1, 'OpenADR'),
(281, 99, 15, 1, 'RBY-2055', '2021-01-14 02:32:23', '2021-01-14 03:03:08', 2.45, 0.66, 2, 'OSCP'),
(282, 28, 16, 2, 'EWZ-7416', '2021-01-04 21:53:15', '2021-01-04 22:15:36', 0.44, 0.11, 3, 'OSCP'),
(283, 74, 18, 3, 'SWP-5188', '2021-01-11 00:13:22', '2021-01-11 00:32:41', 10.70, 3.10, 3, 'OCPI'),
(284, 88, 17, 1, 'HGL-6314', '2021-01-06 15:33:51', '2021-01-06 16:03:15', 9.01, 2.25, 1, 'OCPP'),
(285, 76, 15, 3, 'FSV-7660', '2021-01-05 04:42:44', '2021-01-05 05:11:38', 1.60, 0.43, 4, 'OpenADR'),
(286, 88, 14, 3, 'HGL-6314', '2021-01-13 04:58:20', '2021-01-13 05:54:28', 13.47, 3.50, 2, 'OCPI'),
(287, 44, 11, 2, 'DBG-5962', '2021-01-10 10:38:18', '2021-01-10 10:52:07', 23.24, 6.97, 4, 'OpenADR'),
(288, 6, 18, 1, 'AQH-4533', '2021-01-06 22:38:28', '2021-01-06 22:58:59', 37.88, 10.99, 2, 'OCPI'),
(289, 51, 16, 3, 'DHP-1711', '2021-01-08 23:15:52', '2021-01-08 23:16:50', 4.21, 1.05, 3, 'OCPI'),
(290, 16, 12, 1, 'CSX-2400', '2021-01-14 02:05:26', '2021-01-14 02:08:35', 7.30, 1.61, 4, 'OSCP'),
(291, 62, 11, 1, 'LLM-8238', '2021-01-09 15:54:51', '2021-01-09 16:07:31', 13.94, 4.18, 2, 'OpenADR'),
(292, 75, 12, 2, 'FIL-9389', '2021-01-12 04:49:18', '2021-01-12 05:43:02', 6.96, 1.53, 3, 'OpenADR'),
(293, 84, 18, 3, 'GCH-4716', '2021-01-07 03:35:10', '2021-01-07 04:25:40', 3.80, 1.10, 1, 'OpenADR'),
(294, 98, 18, 3, 'IBW-8841', '2021-01-11 05:19:13', '2021-01-11 05:50:22', 33.46, 9.70, 2, 'OpenADR'),
(295, 17, 20, 1, 'JQZ-5743', '2021-01-01 18:52:59', '2021-01-01 18:57:04', 3.55, 0.99, 1, 'OCPP'),
(296, 61, 15, 3, 'KIA-3289', '2021-01-13 08:44:38', '2021-01-13 09:31:27', 21.82, 5.89, 1, 'OCPI'),
(297, 28, 14, 3, 'EWZ-7416', '2021-01-07 01:19:14', '2021-01-07 02:00:56', 4.96, 1.29, 3, 'OCPI'),
(298, 27, 15, 3, 'QER-2492', '2021-01-06 03:16:45', '2021-01-06 03:24:36', 4.50, 1.22, 4, 'OSCP'),
(299, 42, 16, 2, 'HOS-9576', '2021-01-04 22:45:20', '2021-01-04 23:19:22', 12.02, 3.01, 3, 'OCPI'),
(300, 59, 17, 3, 'MNG-3601', '2021-01-10 19:04:29', '2021-01-10 19:30:55', 37.91, 9.48, 1, 'OCPP'),
(301, 1, 25, 2, 'ALT-7608', '2021-01-05 21:47:31', '2021-01-05 22:17:26', 28.80, 7.78, 4, 'OSCP'),
(302, 18, 22, 1, 'XVZ-9779', '2021-01-10 23:08:38', '2021-01-10 23:18:47', 49.73, 10.94, 3, 'OpenADR'),
(303, 19, 22, 2, 'GZX-9663', '2021-01-03 17:31:43', '2021-01-03 17:52:33', 32.02, 7.04, 1, 'OCPP'),
(304, 92, 28, 1, 'QYS-9423', '2021-01-14 02:22:49', '2021-01-14 02:36:22', 29.36, 7.05, 1, 'OSCP'),
(305, 82, 29, 1, 'JJP-8277', '2021-01-13 16:33:37', '2021-01-13 16:38:43', 2.90, 0.70, 4, 'OCPI'),
(306, 21, 25, 1, 'BTW-6531', '2021-01-12 18:54:29', '2021-01-12 19:39:11', 21.18, 5.72, 2, 'OCPI'),
(307, 100, 24, 1, 'CLC-5889', '2021-01-08 21:46:12', '2021-01-08 22:14:15', 0.29, 0.07, 1, 'OpenADR'),
(308, 33, 29, 1, 'SNS-6842', '2021-01-01 03:17:08', '2021-01-01 03:23:07', 9.73, 2.34, 1, 'OSCP'),
(309, 50, 30, 1, 'ERM-9695', '2021-01-02 22:42:15', '2021-01-02 22:47:51', 13.71, 3.15, 4, 'OSCP'),
(310, 60, 25, 2, 'MHX-1134', '2021-01-01 18:00:21', '2021-01-01 18:10:16', 16.81, 4.54, 2, 'OpenADR'),
(311, 44, 28, 1, 'DBG-5962', '2021-01-07 17:11:31', '2021-01-07 17:44:08', 20.54, 4.93, 4, 'OCPP'),
(312, 83, 30, 1, 'BUV-3784', '2021-01-10 00:28:07', '2021-01-10 00:41:19', 28.43, 6.54, 1, 'OSCP'),
(313, 7, 29, 2, 'LRH-7418', '2021-01-04 02:42:17', '2021-01-04 03:10:16', 1.14, 0.27, 1, 'OCPP'),
(314, 58, 26, 2, 'ODO-5698', '2021-01-05 20:48:22', '2021-01-05 21:28:30', 14.29, 3.43, 1, 'OSCP'),
(315, 33, 30, 1, 'SNS-6842', '2021-01-07 19:14:09', '2021-01-07 20:10:44', 0.95, 0.22, 2, 'OCPP'),
(316, 91, 28, 1, 'UIA-1932', '2021-01-07 06:22:15', '2021-01-07 07:04:37', 2.47, 0.59, 1, 'OCPP'),
(317, 45, 28, 2, 'WRH-6115', '2021-01-09 19:53:09', '2021-01-09 20:35:06', 27.98, 6.72, 4, 'OSCP'),
(318, 71, 21, 1, 'OVH-4322', '2021-01-09 08:23:28', '2021-01-09 08:45:54', 0.14, 0.04, 1, 'OSCP'),
(319, 15, 23, 2, 'DFU-7180', '2021-01-01 19:54:31', '2021-01-01 20:40:42', 3.93, 0.90, 2, 'OCPI'),
(320, 45, 28, 1, 'WRH-6115', '2021-01-07 11:55:20', '2021-01-07 12:38:47', 6.97, 1.67, 2, 'OSCP'),
(321, 76, 28, 1, 'FSV-7660', '2021-01-02 11:23:58', '2021-01-02 11:42:29', 13.58, 3.26, 2, 'OSCP'),
(322, 86, 30, 2, 'ENR-3096', '2021-01-12 14:16:33', '2021-01-12 14:38:40', 5.71, 1.31, 1, 'OCPI'),
(323, 87, 26, 2, 'AIE-8476', '2021-01-05 07:51:10', '2021-01-05 08:46:01', 4.06, 0.97, 4, 'OpenADR'),
(324, 25, 28, 2, 'EDW-1817', '2021-01-07 10:59:37', '2021-01-07 11:27:23', 15.48, 3.72, 2, 'OSCP'),
(325, 22, 28, 1, 'JYB-1860', '2021-01-07 14:58:10', '2021-01-07 15:32:18', 6.41, 1.54, 3, 'OSCP'),
(326, 89, 21, 2, 'GGZ-4799', '2021-01-02 02:52:09', '2021-01-02 03:19:22', 1.52, 0.40, 4, 'OCPI'),
(327, 10, 28, 2, 'NJF-1788', '2021-01-11 11:59:23', '2021-01-11 12:32:52', 14.21, 3.41, 1, 'OCPI'),
(328, 82, 23, 2, 'JJP-8277', '2021-01-14 00:43:10', '2021-01-14 01:08:47', 1.95, 0.45, 2, 'OpenADR'),
(329, 31, 24, 2, 'JTK-3214', '2021-01-07 23:47:19', '2021-01-08 00:14:49', 1.48, 0.36, 2, 'OpenADR'),
(330, 53, 29, 2, 'JRH-5360', '2021-01-02 18:53:07', '2021-01-02 18:53:35', 15.28, 3.67, 1, 'OSCP'),
(331, 65, 26, 2, 'JNN-9656', '2021-01-12 21:43:33', '2021-01-12 22:23:13', 5.03, 1.21, 4, 'OCPI'),
(332, 72, 30, 2, 'HJZ-9936', '2021-01-08 13:50:52', '2021-01-08 14:07:41', 17.53, 4.03, 2, 'OpenADR'),
(333, 60, 25, 2, 'MHX-1134', '2021-01-06 06:38:13', '2021-01-06 07:03:07', 6.65, 1.80, 3, 'OpenADR'),
(334, 65, 30, 2, 'JNN-9656', '2021-01-11 23:07:25', '2021-01-11 23:21:17', 6.45, 1.48, 3, 'OSCP'),
(335, 15, 23, 2, 'DFU-7180', '2021-01-08 22:00:17', '2021-01-08 22:54:46', 5.46, 1.26, 2, 'OCPI'),
(336, 60, 28, 2, 'MHX-1134', '2021-01-10 15:54:43', '2021-01-10 16:45:25', 24.82, 5.96, 1, 'OCPI'),
(337, 29, 22, 2, 'MOA-3023', '2021-01-04 16:12:32', '2021-01-04 16:42:22', 7.65, 1.68, 4, 'OSCP'),
(338, 12, 27, 2, 'WVW-2610', '2021-01-09 00:54:57', '2021-01-09 01:51:53', 21.33, 5.97, 2, 'OCPI'),
(339, 15, 22, 2, 'DFU-7180', '2021-01-02 02:33:52', '2021-01-02 02:48:52', 6.70, 1.47, 2, 'OpenADR'),
(340, 11, 24, 2, 'EAH-1536', '2021-01-02 06:28:52', '2021-01-02 06:52:56', 4.60, 1.10, 1, 'OCPI'),
(341, 56, 22, 1, 'SVU-6334', '2021-01-10 22:49:48', '2021-01-10 23:04:58', 18.55, 4.08, 3, 'OSCP'),
(342, 59, 21, 1, 'MNG-3601', '2021-01-14 17:51:13', '2021-01-14 17:54:43', 14.99, 3.90, 3, 'OCPI'),
(343, 45, 27, 2, 'WRH-6115', '2021-01-04 00:15:53', '2021-01-04 00:47:42', 6.91, 1.93, 2, 'OCPI'),
(344, 18, 26, 1, 'XVZ-9779', '2021-01-02 16:32:27', '2021-01-02 17:00:52', 31.31, 7.51, 2, 'OSCP'),
(345, 23, 21, 1, 'KRF-2298', '2021-01-08 16:50:56', '2021-01-08 17:37:25', 12.61, 3.28, 1, 'OCPI'),
(346, 13, 23, 1, 'RSW-3048', '2021-01-10 23:10:59', '2021-01-10 23:38:00', 18.72, 4.31, 3, 'OpenADR'),
(347, 50, 25, 1, 'ERM-9695', '2021-01-09 08:53:54', '2021-01-09 09:49:21', 8.38, 2.26, 1, 'OCPP'),
(348, 93, 30, 2, 'TQU-5957', '2021-01-04 09:40:12', '2021-01-04 09:56:15', 0.47, 0.11, 2, 'OSCP'),
(349, 29, 29, 2, 'MOA-3023', '2021-01-11 11:58:27', '2021-01-11 12:32:13', 13.55, 3.25, 3, 'OCPI'),
(350, 57, 22, 2, 'FAD-1102', '2021-01-09 11:37:23', '2021-01-09 11:37:56', 8.51, 1.87, 3, 'OpenADR'),
(351, 57, 27, 1, 'FAD-1102', '2021-01-13 15:56:34', '2021-01-13 16:17:48', 37.57, 10.52, 4, 'OCPI'),
(352, 27, 30, 1, 'QER-2492', '2021-01-07 16:32:05', '2021-01-07 17:16:28', 20.93, 4.81, 1, 'OSCP'),
(353, 18, 21, 2, 'XVZ-9779', '2021-01-06 13:57:36', '2021-01-06 14:35:41', 7.34, 1.91, 4, 'OpenADR'),
(354, 81, 24, 2, 'AIB-2288', '2021-01-03 04:59:47', '2021-01-03 05:56:52', 0.66, 0.16, 3, 'OSCP'),
(355, 81, 24, 2, 'AIB-2288', '2021-01-14 10:39:51', '2021-01-14 11:30:50', 4.90, 1.18, 1, 'OpenADR'),
(356, 74, 28, 1, 'SWP-5188', '2021-01-06 03:07:24', '2021-01-06 03:30:54', 7.83, 1.88, 4, 'OSCP'),
(357, 88, 27, 2, 'HGL-6314', '2021-01-11 03:38:44', '2021-01-11 04:03:10', 1.91, 0.53, 3, 'OCPI'),
(358, 16, 25, 1, 'CSX-2400', '2021-01-14 05:34:19', '2021-01-14 06:25:47', 3.71, 1.00, 4, 'OSCP'),
(359, 79, 22, 2, 'QRN-8541', '2021-01-06 04:07:31', '2021-01-06 04:11:25', 12.28, 2.70, 4, 'OCPI'),
(360, 62, 26, 2, 'LLM-8238', '2021-01-13 08:49:39', '2021-01-13 09:34:35', 7.68, 1.84, 3, 'OSCP'),
(361, 65, 30, 1, 'JNN-9656', '2021-01-10 05:19:38', '2021-01-10 05:52:27', 8.28, 1.90, 4, 'OSCP'),
(362, 18, 21, 2, 'XVZ-9779', '2021-01-03 07:13:13', '2021-01-03 07:42:22', 7.79, 2.03, 4, 'OSCP'),
(363, 88, 22, 2, 'HGL-6314', '2021-01-09 03:08:40', '2021-01-09 03:55:46', 7.55, 1.66, 2, 'OCPI'),
(364, 80, 24, 1, 'CRG-9220', '2021-01-01 17:16:41', '2021-01-01 17:44:36', 13.77, 3.30, 3, 'OpenADR'),
(365, 42, 27, 2, 'HOS-9576', '2021-01-13 19:41:04', '2021-01-13 20:39:11', 5.09, 1.43, 2, 'OCPI'),
(366, 21, 22, 2, 'BTW-6531', '2021-01-09 21:19:37', '2021-01-09 21:46:19', 9.13, 2.01, 3, 'OSCP'),
(367, 50, 29, 1, 'ERM-9695', '2021-01-12 00:22:01', '2021-01-12 00:40:59', 0.80, 0.19, 3, 'OSCP'),
(368, 91, 23, 2, 'UIA-1932', '2021-01-04 15:32:42', '2021-01-04 15:47:16', 2.26, 0.52, 4, 'OCPP'),
(369, 52, 29, 2, 'YMC-7927', '2021-01-05 05:25:02', '2021-01-05 05:40:49', 2.38, 0.57, 2, 'OpenADR'),
(370, 55, 25, 1, 'RMI-2640', '2021-01-04 12:15:54', '2021-01-04 12:50:56', 2.36, 0.64, 4, 'OSCP'),
(371, 21, 28, 1, 'BTW-6531', '2021-01-02 18:00:18', '2021-01-02 18:07:58', 5.08, 1.22, 1, 'OSCP'),
(372, 75, 30, 2, 'FIL-9389', '2021-01-08 08:54:43', '2021-01-08 09:47:47', 2.32, 0.53, 3, 'OCPI'),
(373, 26, 24, 2, 'GIF-8661', '2021-01-14 05:43:11', '2021-01-14 05:45:23', 12.77, 3.06, 4, 'OSCP'),
(374, 74, 23, 2, 'SWP-5188', '2021-01-13 22:57:21', '2021-01-13 23:28:57', 7.04, 1.62, 3, 'OpenADR'),
(375, 7, 27, 1, 'LRH-7418', '2021-01-04 23:32:52', '2021-01-05 00:04:08', 11.20, 3.14, 4, 'OCPP'),
(376, 21, 30, 2, 'BTW-6531', '2021-01-10 05:19:58', '2021-01-10 05:21:19', 21.00, 4.83, 1, 'OCPI'),
(377, 26, 24, 2, 'GIF-8661', '2021-01-08 03:52:59', '2021-01-08 04:25:47', 4.64, 1.11, 1, 'OSCP'),
(378, 80, 22, 2, 'CRG-9220', '2021-01-07 08:56:08', '2021-01-07 09:35:55', 1.40, 0.31, 2, 'OpenADR'),
(379, 97, 22, 1, 'TLI-6046', '2021-01-08 00:30:18', '2021-01-08 01:10:39', 14.17, 3.12, 3, 'OpenADR'),
(380, 37, 22, 1, 'JYM-3113', '2021-01-01 02:11:49', '2021-01-01 02:34:05', 18.52, 4.07, 1, 'OpenADR'),
(381, 82, 22, 1, 'JJP-8277', '2021-01-05 11:04:23', '2021-01-05 11:54:29', 1.02, 0.22, 4, 'OSCP'),
(382, 57, 26, 1, 'FAD-1102', '2021-01-09 11:56:21', '2021-01-09 11:59:54', 5.51, 1.32, 3, 'OSCP'),
(383, 11, 24, 2, 'EAH-1536', '2021-01-13 18:56:07', '2021-01-13 19:43:23', 21.53, 5.17, 4, 'OpenADR'),
(384, 75, 24, 1, 'FIL-9389', '2021-01-14 10:11:16', '2021-01-14 10:56:48', 9.91, 2.38, 3, 'OCPI'),
(385, 34, 30, 2, 'QEV-3556', '2021-01-09 20:41:35', '2021-01-09 21:07:20', 14.13, 3.25, 2, 'OCPI'),
(386, 64, 22, 2, 'ZDJ-2118', '2021-01-06 04:58:03', '2021-01-06 05:49:59', 5.45, 1.20, 3, 'OCPI'),
(387, 29, 30, 1, 'MOA-3023', '2021-01-05 00:07:20', '2021-01-05 00:09:38', 1.32, 0.30, 4, 'OCPP'),
(388, 80, 28, 2, 'CRG-9220', '2021-01-05 08:28:29', '2021-01-05 09:04:01', 7.65, 1.84, 2, 'OpenADR'),
(389, 85, 27, 2, 'FEK-4619', '2021-01-01 06:14:23', '2021-01-01 07:04:58', 36.56, 10.24, 1, 'OCPP'),
(390, 25, 21, 1, 'EDW-1817', '2021-01-12 21:50:00', '2021-01-12 22:16:12', 2.92, 0.76, 4, 'OCPI'),
(391, 97, 21, 1, 'TLI-6046', '2021-01-03 12:04:20', '2021-01-03 12:43:24', 18.05, 4.69, 3, 'OpenADR'),
(392, 20, 24, 2, 'KCJ-5428', '2021-01-02 22:01:36', '2021-01-02 22:58:09', 3.55, 0.85, 4, 'OCPI'),
(393, 79, 28, 1, 'QRN-8541', '2021-01-03 08:32:39', '2021-01-03 09:18:03', 10.57, 2.54, 4, 'OCPI'),
(394, 44, 28, 2, 'DBG-5962', '2021-01-03 09:17:56', '2021-01-03 10:15:09', 5.78, 1.39, 2, 'OCPI'),
(395, 30, 22, 2, 'MYR-1958', '2021-01-04 11:00:02', '2021-01-04 11:29:44', 5.08, 1.12, 4, 'OSCP'),
(396, 56, 24, 1, 'SVU-6334', '2021-01-12 03:28:19', '2021-01-12 04:05:03', 0.86, 0.21, 4, 'OSCP'),
(397, 16, 28, 1, 'CSX-2400', '2021-01-01 02:46:49', '2021-01-01 03:21:11', 5.55, 1.33, 2, 'OSCP'),
(398, 48, 29, 1, 'UKF-6232', '2021-01-11 03:31:00', '2021-01-11 03:32:28', 4.77, 1.14, 1, 'OpenADR'),
(399, 64, 24, 1, 'ZDJ-2118', '2021-01-04 11:32:12', '2021-01-04 11:56:16', 13.45, 3.23, 1, 'OpenADR'),
(400, 98, 23, 2, 'IBW-8841', '2021-01-11 07:36:48', '2021-01-11 08:32:35', 6.52, 1.50, 4, 'OCPI');

-- --------------------------------------------------------

--
-- Table structure for table `credit_card`
--

CREATE TABLE `credit_card` (
  `card_number` int(16) NOT NULL,
  `user_id` int(5) NOT NULL,
  `card_owner` varchar(30) DEFAULT NULL,
  `cvv` int(3) DEFAULT NULL,
  `expiration_date` date DEFAULT NULL
) ENGINE=InnoDB DEFAULT CHARSET=utf8mb4;

-- --------------------------------------------------------

--
-- Table structure for table `elec_owes`
--

CREATE TABLE `elec_owes` (
  `supplier_id` int(5) NOT NULL,
  `user_id` int(5) NOT NULL,
  `amount` float(6,2) NOT NULL DEFAULT 0.00
) ENGINE=InnoDB DEFAULT CHARSET=utf8mb4;

--
-- Dumping data for table `elec_owes`
--

INSERT INTO `elec_owes` (`supplier_id`, `user_id`, `amount`) VALUES
(11, 1, 70.67),
(9, 2, 64.80),
(14, 3, 29.38),
(6, 4, 76.26),
(3, 5, 72.62),
(7, 6, 52.63),
(5, 7, 50.73),
(2, 8, 77.20),
(12, 9, 78.82),
(14, 10, 62.66),
(7, 11, 55.61),
(6, 12, 28.44),
(3, 13, 27.42),
(1, 14, 53.05),
(5, 15, 76.79),
(14, 16, 44.68),
(14, 17, 45.12),
(4, 18, 75.72),
(2, 19, 44.15),
(4, 20, 27.81),
(7, 21, 38.14),
(7, 22, 46.09),
(11, 23, 38.06),
(7, 24, 38.80),
(4, 25, 35.67),
(12, 26, 65.55),
(12, 27, 35.67),
(6, 28, 47.21),
(4, 29, 24.65),
(5, 30, 48.23),
(14, 31, 50.65),
(15, 32, 32.48),
(4, 33, 22.80),
(8, 34, 67.71),
(11, 35, 71.57),
(13, 36, 43.22),
(12, 37, 55.97),
(9, 38, 52.58),
(6, 39, 34.27),
(2, 40, 48.05),
(14, 1, 69.30),
(13, 2, 63.42),
(7, 3, 24.91),
(1, 4, 52.04),
(14, 5, 53.69),
(7, 6, 67.33),
(15, 7, 32.15),
(10, 8, 27.31),
(10, 9, 49.34),
(11, 10, 46.92);

-- --------------------------------------------------------

--
-- Table structure for table `elec_supplier`
--

CREATE TABLE `elec_supplier` (
  `supplier_id` int(5) NOT NULL,
  `name` varchar(15) NOT NULL
) ENGINE=InnoDB DEFAULT CHARSET=utf8mb4;

--
-- Dumping data for table `elec_supplier`
--

INSERT INTO `elec_supplier` (`supplier_id`, `name`) VALUES
(1, 'Supplier-1'),
(2, 'Supplier-2'),
(3, 'Supplier-3'),
(4, 'Supplier-4'),
(5, 'Supplier-5'),
(6, 'Supplier-6'),
(7, 'Supplier-7'),
(8, 'Supplier-8'),
(9, 'Supplier-9'),
(10, 'Supplier-10'),
(11, 'Supplier-11'),
(12, 'Supplier-12'),
(13, 'Supplier-13'),
(14, 'Supplier-14'),
(15, 'Supplier-15');

-- --------------------------------------------------------

--
-- Table structure for table `point`
--

CREATE TABLE `point` (
  `point_id` int(5) NOT NULL,
  `station_id` int(5) NOT NULL,
  `is_occupied` tinyint(1) NOT NULL
) ENGINE=InnoDB DEFAULT CHARSET=utf8mb4;

--
-- Dumping data for table `point`
--

INSERT INTO `point` (`point_id`, `station_id`, `is_occupied`) VALUES
(1, 1, 0),
(1, 2, 0),
(1, 3, 0),
(1, 4, 0),
(1, 5, 0),
(1, 6, 0),
(1, 7, 0),
(1, 8, 0),
(1, 9, 0),
(1, 10, 0),
(1, 11, 0),
(1, 12, 0),
(1, 13, 0),
(1, 14, 0),
(1, 15, 0),
(1, 16, 0),
(1, 17, 0),
(1, 18, 0),
(1, 19, 0),
(1, 20, 0),
(1, 21, 0),
(1, 22, 0),
(1, 23, 0),
(1, 24, 0),
(1, 25, 0),
(1, 26, 0),
(1, 27, 0),
(1, 28, 0),
(1, 29, 0),
(1, 30, 0),
(2, 1, 0),
(2, 2, 0),
(2, 3, 0),
(2, 4, 0),
(2, 5, 0),
(2, 6, 0),
(2, 7, 0),
(2, 8, 0),
(2, 9, 0),
(2, 10, 0),
(2, 11, 0),
(2, 12, 0),
(2, 13, 0),
(2, 14, 0),
(2, 15, 0),
(2, 16, 0),
(2, 17, 0),
(2, 18, 0),
(2, 19, 0),
(2, 20, 0),
(2, 21, 0),
(2, 22, 0),
(2, 23, 0),
(2, 24, 0),
(2, 25, 0),
(2, 26, 0),
(2, 27, 0),
(2, 28, 0),
(2, 29, 0),
(2, 30, 0),
(3, 1, 0),
(3, 2, 0),
(3, 3, 0),
(3, 4, 0),
(3, 5, 0),
(3, 6, 0),
(3, 7, 0),
(3, 8, 0),
(3, 9, 0),
(3, 10, 0),
(3, 11, 0),
(3, 12, 0),
(3, 13, 0),
(3, 14, 0),
(3, 15, 0),
(3, 16, 0),
(3, 17, 0),
(3, 18, 0),
(3, 19, 0),
(3, 20, 0),
(4, 1, 0),
(4, 2, 0),
(4, 3, 0),
(4, 4, 0),
(4, 5, 0),
(4, 6, 0),
(4, 7, 0),
(4, 8, 0),
(4, 9, 0),
(4, 10, 0);

-- --------------------------------------------------------

--
-- Table structure for table `station`
--

CREATE TABLE `station` (
  `station_id` int(5) NOT NULL,
  `user_id` int(5) NOT NULL,
  `supplier_id` int(5) NOT NULL,
  `supplier_rate` float(6,2) NOT NULL,
  `charge_rate` float(6,2) NOT NULL,
  `station_name` varchar(15) NOT NULL,
  `country` varchar(15) NOT NULL,
  `street_name` varchar(20) NOT NULL,
  `city` varchar(20) NOT NULL,
  `postal_code` varchar(12) DEFAULT NULL,
  `street_number` int(3) DEFAULT NULL
) ENGINE=InnoDB DEFAULT CHARSET=utf8mb4;

--
-- Dumping data for table `station`
--

INSERT INTO `station` (`station_id`, `user_id`, `supplier_id`, `supplier_rate`, `charge_rate`, `station_name`, `country`, `street_name`, `city`, `postal_code`, `street_number`) VALUES
(1, 27, 3, 0.12, 0.27, 'Station-1', 'United States', 'Qonjbtxmbm Street', 'Portland', '17698', 1285),
(2, 32, 6, 0.16, 0.27, 'Station-2', 'United States', 'Jdjrwyzcyi Street', 'Fort Collins', '18283', 801),
(3, 26, 2, 0.12, 0.24, 'Station-3', 'United States', 'Yzydoomiof Street', 'Louisville', '99637', 641),
(4, 27, 5, 0.15, 0.26, 'Station-4', 'United States', 'Vwzfaftubi Street', 'Jacksonville', '70226', 264),
(5, 36, 6, 0.10, 0.26, 'Station-5', 'United States', 'Rbfeoktqiv Street', 'Salem', '58265', 1484),
(6, 34, 7, 0.16, 0.25, 'Station-6', 'United States', 'Mgoaovzhwu Street', 'Meridian', '77587', 348),
(7, 27, 6, 0.13, 0.25, 'Station-7', 'United States', 'Jwooffmbxt Street', 'Davenport', '69055', 1649),
(8, 37, 3, 0.19, 0.28, 'Station-8', 'United States', 'Yqziefegcv Street', 'Cambridge', '37575', 1496),
(9, 36, 7, 0.11, 0.23, 'Station-9', 'United States', 'Ebgxlkxsuq Street', 'Reading', '67698', 1144),
(10, 36, 10, 0.11, 0.23, 'Station-10', 'United States', 'Hkawtuzyyc Street', 'Topeka', '13004', 1565),
(11, 32, 7, 0.18, 0.30, 'Station-11', 'United States', 'Tidxbwrlrh Street', 'San Jose', '19272', 594),
(12, 25, 1, 0.12, 0.22, 'Station-12', 'United States', 'Ysggvkgpnc Street', 'Jacksonville', '74886', 1929),
(13, 38, 7, 0.19, 0.30, 'Station-13', 'United States', 'Kxfgeixswu Street', 'Chandler', '65727', 1698),
(14, 28, 8, 0.19, 0.26, 'Station-14', 'United States', 'Qfddtglduq Street', 'Newport News', '44035', 773),
(15, 39, 3, 0.11, 0.27, 'Station-15', 'United States', 'Umhzhuyeuu Street', 'Hattiesburg', '82313', 948),
(16, 28, 4, 0.11, 0.25, 'Station-16', 'United States', 'Issjfabenu Street', 'Helena', '23967', 582),
(17, 30, 7, 0.18, 0.25, 'Station-17', 'United States', 'Hvgesfiawu Street', 'Bear', '70773', 1865),
(18, 31, 5, 0.15, 0.29, 'Station-18', 'United States', 'Bvgqkqhgfg Street', 'Omaha', '82184', 1269),
(19, 37, 3, 0.13, 0.27, 'Station-19', 'United States', 'Ceblmvxptr Street', 'Evansville', '28771', 1215),
(20, 38, 6, 0.10, 0.28, 'Station-20', 'United States', 'Bgdupqfnri Street', 'Stamford', '83774', 1556),
(21, 32, 1, 0.20, 0.26, 'Station-21', 'United States', 'Gebtgqkpse Street', 'Cleveland', '84674', 1387),
(22, 32, 9, 0.13, 0.22, 'Station-22', 'United States', 'Ltcbbdbcuq Street', 'New Haven', '10585', 311),
(23, 40, 3, 0.20, 0.23, 'Station-23', 'United States', 'Tjpfmoslal Street', 'Gary', '35991', 735),
(24, 40, 10, 0.19, 0.24, 'Station-24', 'United States', 'Cgqybywlct Street', 'New Orleans', '21320', 1008),
(25, 27, 8, 0.15, 0.27, 'Station-25', 'United States', 'Wwlubqpjxn Street', 'Indianapolis', '28049', 1040),
(26, 25, 5, 0.18, 0.24, 'Station-26', 'United States', 'Rufefdizkj Street', 'Great Falls', '39552', 637),
(27, 25, 7, 0.11, 0.28, 'Station-27', 'United States', 'Uhyerclkec Street', 'Springfield', '32544', 1301),
(28, 32, 4, 0.17, 0.24, 'Station-28', 'United States', 'Bpyejnwxqj Street', 'Columbia', '31675', 251),
(29, 30, 3, 0.16, 0.24, 'Station-29', 'United States', 'Zpgjdlkrnt Street', 'Provo', '28486', 1116),
(30, 35, 1, 0.15, 0.23, 'Station-30', 'United States', 'Ezboqxddmm Street', 'Colorado Springs', '48028', 1927);

-- --------------------------------------------------------

--
-- Table structure for table `user`
--

CREATE TABLE `user` (
  `user_id` int(5) NOT NULL,
  `email` varchar(30) DEFAULT NULL,
  `name` varchar(30) DEFAULT NULL,
  `password` varchar(30) DEFAULT NULL,
  `country` varchar(15) DEFAULT NULL,
  `city` varchar(20) DEFAULT NULL,
  `street_name` varchar(20) DEFAULT NULL,
  `street_number` int(3) DEFAULT NULL,
  `postal_code` varchar(12) DEFAULT NULL,
  `phone_number` varchar(15) DEFAULT NULL,
  `date_of_birth` date DEFAULT NULL,
  `points` int(5) DEFAULT NULL,
  `sex` int(1) DEFAULT NULL,
  `is_admin` tinyint(1) DEFAULT NULL,
  `username` varchar(20) DEFAULT NULL
) ENGINE=InnoDB DEFAULT CHARSET=utf8mb4;

--
-- Dumping data for table `user`
--

INSERT INTO `user` (`user_id`, `email`, `name`, `password`, `country`, `city`, `street_name`, `street_number`, `postal_code`, `phone_number`, `date_of_birth`, `points`, `sex`, `is_admin`, `username`) VALUES
(1, 'Nullam.scelerisque.neque@liber', 'Shad Ayers', 'UDE60QTX9GU', 'Kuwait', 'Waalwijk', 'Ap #757-8072 Pretium', 17, 'Z2320', '(212) 107-6077', '1970-10-04', 44, 1, 0, 'QX548WQH2FP'),
(2, 'interdum.Curabitur.dictum@Inte', 'Amery Lucas', 'AIR07IEJ6LF', 'Equatorial Guin', 'Filadelfia', '200-6205 Donec Av.', 30, '64169', '(651) 469-8268', '1981-08-27', 89, 1, 1, 'HX325JTK6OB'),
(3, 'amet.consectetuer@metusfacilis', 'Ima Foley', 'VHK12JKY4ZO', 'Slovakia', 'Montacuto', 'P.O. Box 629, 5279 E', 68, '881426', '(820) 775-0261', '1959-04-01', 79, 1, 1, 'DX699AXW6TT'),
(4, 'luctus.et@risusDuisa.co.uk', 'Joy Vang', 'WFT94JQK1XE', 'Palau', 'Burin', 'P.O. Box 959, 9107 T', 17, '17657-59266', '(791) 203-5725', '1964-06-26', 35, 0, 1, 'JC084GLT5XR'),
(5, 'non.hendrerit.id@at.org', 'Adrian Goodman', 'LRQ26LRS9PZ', 'Slovakia', 'Kayseri', 'Ap #209-7568 Amet Rd', 84, '2264', '(555) 771-5057', '1982-06-14', 95, 0, 1, 'BG457SZJ2NO'),
(6, 'velit.Sed@cursus.co.uk', 'Keely Hunt', 'OJG14HUC4NE', 'Senegal', 'Sindelfingen', 'P.O. Box 302, 3649 A', 72, '13891', '(512) 695-1264', '1954-05-14', 93, 1, 0, 'CK605RRB2TZ'),
(7, 'Curabitur.consequat@vitaeeratV', 'Whoopi Todd', 'HOL52KRT0ZN', 'Sierra Leone', 'Vaux-sur-Sure', 'P.O. Box 387, 1325 L', 69, '87917-806', '(532) 109-5218', '1964-02-19', 43, 2, 1, 'MS695XKV0NQ'),
(8, 'sem.ut.cursus@bibendumsed.net', 'Wade Elliott', 'OVP05HCL0MK', 'Pakistan', 'Helmsdale', '317-8970 Mi Av.', 66, '71692', '(994) 451-2025', '1952-07-08', 51, 2, 0, 'SP039REB5VK'),
(9, 'neque.tellus@doloregestas.co.u', 'Bradley Mann', 'OBS81FQJ8WQ', 'Kazakhstan', 'Tlaquepaque', 'Ap #655-8680 Nam St.', 35, '06323', '(963) 201-6668', '1980-10-08', 73, 1, 0, 'FX673GTU7OS'),
(10, 'luctus@Pellentesquehabitant.ed', 'Willa Patel', 'VDH37RQE4JB', 'Mauritius', 'Ottignies-Louvain-la', 'P.O. Box 165, 1607 M', 58, '717146', '(965) 753-4437', '1952-12-24', 75, 1, 1, 'QR193KFZ9OR'),
(11, 'Praesent.eu.dui@venenatislacus', 'Martin Barron', 'QLR81IHO1MJ', 'Ethiopia', 'Oevel', 'Ap #128-9652 Semper ', 51, '189800', '(586) 650-2460', '1992-07-02', 83, 1, 1, 'HZ991SKY5RA'),
(12, 'orci@Classaptenttaciti.net', 'Phillip Cotton', 'GJP08FSB6OR', 'Saint Martin', 'Jaunpur', '8281 Consectetuer Rd', 51, '50364', '(805) 561-9430', '2002-07-02', 78, 1, 1, 'EI562KVI6KG'),
(13, 'molestie@litoratorquentper.com', 'Naida Tucker', 'RVI03EBG7AO', 'South Africa', 'Wichita', 'P.O. Box 131, 359 Ni', 13, '534595', '(362) 596-8649', '1995-01-25', 18, 1, 0, 'FC138ATD1HG'),
(14, 'Nunc@Nunccommodo.ca', 'Kaden Aguilar', 'UWP28UAV0HW', 'Guernsey', 'Sanluri', '7564 Euismod Street', 45, '97798', '(978) 989-6946', '1972-01-29', 6, 2, 1, 'AE147PZF1GW'),
(15, 'porttitor.vulputate.posuere@Su', 'Brittany Bradford', 'HGP72ZLL1LE', 'Belgium', 'Montebello', '860-7901 Fermentum A', 90, 'Z0 9CI', '(775) 913-6228', '1952-11-04', 85, 0, 0, 'AF181FYG0CP'),
(16, 'vel.turpis.Aliquam@blanditmatt', 'Kai Sutton', 'ZZM63THZ5LU', 'Equatorial Guin', 'Georgia', '7901 Est, St.', 7, '043778', '(984) 759-8988', '1989-06-27', 43, 2, 1, 'KC196PDU2MH'),
(17, 'Fusce.dolor@vel.ca', 'Frances Valdez', 'YEF14ZRL3EV', 'China', 'Villa del Rosario', '7581 Cras St.', 28, '29921', '(902) 822-7541', '1972-11-29', 30, 0, 0, 'PR053ZBE8TI'),
(18, 'ut.dolor.dapibus@estarcu.ca', 'Dennis Alvarez', 'NOP71MCL8LI', 'Saint Pierre an', 'Selva di Cadore', '784-6867 Sed Street', 76, '1207', '(129) 969-9386', '1964-10-29', 73, 1, 1, 'MD508XKL7BW'),
(19, 'vitae.sodales@estvitaesodales.', 'Kevin Jones', 'HUC38EZC1ZM', 'Uganda', 'Acapulco', '415-4771 Nec, Road', 61, '27667-21521', '(314) 120-2633', '1958-01-04', 67, 0, 1, 'MH910LQM3EJ'),
(20, 'cursus.vestibulum@quis.co.uk', 'Rudyard Cabrera', 'JCY54BMN0SG', 'Christmas Islan', 'Algarrobo', 'P.O. Box 291, 8021 D', 19, '259387', '(558) 768-1152', '1953-04-04', 40, 2, 1, 'BZ226UEA1GX'),
(21, 'euismod@ligulaAeneaneuismod.ca', 'Lucius Bowman', 'LJL74GFD7HO', 'British Indian ', 'Padre Hurtado', '8703 Libero St.', 24, '579658', '(228) 544-5373', '1994-04-03', 3, 2, 0, 'EF421BRT0VI'),
(22, 'Cras@auctorodioa.ca', 'Buffy Terry', 'BWX08PPJ2AI', 'Greece', 'Fuenlabrada', '724-1290 Cras St.', 37, '366810', '(406) 449-9551', '1995-11-01', 20, 1, 1, 'UK439APO5GO'),
(23, 'sagittis.Duis.gravida@Fusce.co', 'Carolyn Maddox', 'WKW84FPT1KC', 'Guatemala', 'Placanica', 'P.O. Box 108, 3252 N', 35, '35239', '(409) 961-3523', '1981-02-24', 49, 2, 0, 'PB056COI4ZP'),
(24, 'Nullam.velit.dui@Phasellus.com', 'Chancellor Hunter', 'GAU28ZGT1LC', 'Nigeria', 'Paisley', 'P.O. Box 575, 7232 N', 6, '3018', '(875) 775-8138', '1955-01-16', 76, 1, 0, 'JG024FRY6CA'),
(25, 'sit.amet@maurisblanditmattis.c', 'Lance Fleming', 'TDI06UEC9PI', 'Andorra', 'Calmar', 'Ap #504-5325 Cras St', 95, '574867', '(838) 327-5258', '1984-10-14', 63, 0, 0, 'CW147OEF4DV'),
(26, 'ultrices.posuere.cubilia@ferme', 'Silas Avila', 'CGG42UNE5TL', 'Bangladesh', 'Pondicherry', 'Ap #748-2987 Tellus.', 32, '00345-98640', '(373) 539-9701', '1997-08-21', 56, 1, 0, 'GK735HBT7QW'),
(27, 'velit@magna.co.uk', 'Mira Spears', 'SNN19RSS4HS', 'Swaziland', 'Pescantina', '1985 Enim. Rd.', 18, '55457', '(406) 933-4960', '2003-03-29', 79, 1, 0, 'YX914PPA3CA'),
(28, 'nascetur@Donectemporest.edu', 'Cecilia Hammond', 'DBZ77GPF4AG', 'Zambia', 'Joliet', '433-3403 Ligula. Rd.', 51, '8621 BZ', '(950) 279-7620', '1965-09-15', 37, 0, 0, 'IG940RLH2QY'),
(29, 'amet.diam@faucibus.edu', 'Naida Cruz', 'HBS44YSF6NA', 'Turks and Caico', 'Zeveneken', 'P.O. Box 554, 3134 S', 87, '8041 ZB', '(469) 985-2934', '1979-01-04', 27, 0, 0, 'YD126OQJ7XY'),
(30, 'a.feugiat.tellus@Crasinterdum.', 'Catherine Hurst', 'LCZ37IGX5IH', 'Kenya', 'Neubrandenburg', '275-7326 Cras Avenue', 92, 'ZW8 6AH', '(337) 657-9024', '1962-01-19', 4, 0, 0, 'SU156FLO6BW'),
(31, 'in.dolor.Fusce@aliquet.org', 'Carissa Dudley', 'TUR59FXP5XO', 'Samoa', 'Chlons-en-Champagne', '8633 Nec, Rd.', 27, '00-530', '(550) 764-7458', '2000-05-20', 40, 1, 0, 'FP734KUE6HI'),
(32, 'nibh.vulputate.mauris@semeget.', 'Malcolm Hood', 'KZN55ESZ9IB', 'United States', 'Termoli', '4551 Magna. Street', 39, '46417', '(618) 146-4376', '1962-05-19', 11, 1, 1, 'WJ715TYW9JJ'),
(33, 'congue@ullamcorper.ca', 'Elmo Leonard', 'YUB96EVT2PU', 'Barbados', 'Jauchelette', '668-3174 Mauris Stre', 21, '83201', '(679) 350-2061', '1954-06-10', 98, 2, 1, 'OC920RKH3LO'),
(34, 'ut.pellentesque@vitaepurus.ca', 'Clarke Sellers', 'XXG38FUZ9NY', 'Svalbard and Ja', 'Chiusanico', '205-9146 Libero. Roa', 84, 'N57 4PC', '(502) 411-4624', '1985-10-21', 96, 2, 1, 'YX605CCQ5OO'),
(35, 'bibendum.Donec.felis@nonarcuVi', 'Rana Pugh', 'ZUM93CZS3EQ', 'Bangladesh', 'Raurkela Civil Towns', 'P.O. Box 149, 5048 E', 20, '579470', '(824) 252-9206', '1964-06-27', 60, 1, 0, 'JT844YBK8EJ'),
(36, 'magna.a.tortor@rutrum.org', 'Heidi Chan', 'WAL35PGZ0GK', 'American Samoa', 'King\'s Lynn', '3812 Urna Rd.', 50, '3223 BO', '(248) 349-7762', '1984-04-05', 87, 2, 1, 'DT878TXH0WU'),
(37, 'luctus.et.ultrices@elit.co.uk', 'Nola Patterson', 'ZXU70AED7BJ', 'Guinea-Bissau', 'Richmond', '967-134 Ut, Avenue', 9, 'VG8 3YQ', '(479) 142-4775', '1977-09-01', 81, 0, 1, 'PU263JMA3CV'),
(38, 'ornare.egestas.ligula@molestie', 'Nicholas Rivera', 'TSP41OLJ1JZ', 'Martinique', 'Coupar Angus', '4203 Molestie. St.', 73, 'Z1050', '(699) 130-1469', '1987-03-07', 55, 0, 0, 'DL732SID2MT'),
(39, 'amet.massa@asollicitudinorci.c', 'Kadeem Pugh', 'DUC90BCE3QC', 'Yemen', 'Karacabey', 'P.O. Box 664, 8839 A', 91, '823907', '(453) 508-6956', '1950-06-13', 69, 2, 0, 'OB140CPF5IH'),
(40, 'Lorem.ipsum.dolor@accumsaninte', 'Gray Moore', 'AEH79NXC4NU', 'Macao', 'Uttarpara-Kotrung', '1549 Aliquam, Street', 27, '524669', '(166) 882-7077', '1960-07-29', 74, 1, 1, 'AG514EFT0XD'),
(41, 'gravida.sit@purusNullamsceleri', 'Hall Steele', 'DFF31SZZ2VY', 'Christmas Islan', 'San Clemente', '369-9860 Vel, St.', 19, '24836', '(565) 621-7680', '1962-11-08', 28, 1, 1, 'JJ721GNJ2KM'),
(42, 'vel.convallis@Crasegetnisi.com', 'Abraham Mckay', 'DGF24PPE9EC', 'Lithuania', 'Dangjin', '651 Eu Rd.', 49, '76066', '(268) 237-6786', '1965-10-23', 79, 0, 0, 'CB726OWX9TI'),
(43, 'urna.Nullam@ipsumcursus.com', 'Quemby Singleton', 'KES45IZZ7QO', 'Sao Tome and Pr', 'Kirov', 'P.O. Box 103, 9444 L', 41, '7459 AL', '(304) 724-7943', '1964-05-05', 17, 2, 1, 'TK166KYH3CP'),
(44, 'sem.egestas.blandit@variusorci', 'Brianna Robinson', 'IHJ28ANI4FL', 'South Sudan', 'Douai', 'Ap #224-5893 Nunc St', 28, '00187', '(873) 287-2224', '1951-09-09', 41, 0, 0, 'AN530FHF6XD'),
(45, 'ornare@fames.co.uk', 'Yuli Lancaster', 'CUV30NRU4GZ', 'Virgin Islands,', 'Kitimat', '1060 Odio Street', 77, '870660', '(131) 925-8761', '1959-09-07', 56, 1, 1, 'AB706KDK2KW'),
(46, 'sit@fermentum.org', 'Shad Cohen', 'ZGA52MSM6OP', 'Switzerland', 'Warspite', 'P.O. Box 914, 4130 A', 18, 'N7X 6K3', '(679) 493-2837', '1958-09-21', 45, 0, 0, 'YR946GWS4NK'),
(47, 'risus.Donec@congue.net', 'Uma Garza', 'KVY71THG7RE', 'American Samoa', 'Fort Smith', '678-4806 Ullamcorper', 12, '54694', '(379) 286-4861', '1964-10-19', 31, 1, 1, 'CY109ZDD4LD'),
(48, 'malesuada@vulputateeuodio.org', 'Hanae Howard', 'QYQ78VPE5DH', 'Singapore', 'Paternopoli', '576-2361 Nulla Ave', 86, '24881', '(326) 133-3851', '1989-01-05', 75, 1, 0, 'JC078SBY7LY'),
(49, 'lectus.pede.ultrices@egestasa.', 'Logan Harrison', 'WWY81AVO5OC', 'Togo', 'Saint-Mard', 'P.O. Box 223, 1040 V', 25, '63026', '(957) 258-4203', '2001-09-07', 12, 1, 1, 'RF119TRP0AY'),
(50, 'lobortis@viverra.net', 'Amanda Fields', 'TPX81XCF2TA', 'Philippines', 'Bad Drkheim', '880-1755 Neque St.', 45, '380316', '(508) 200-7555', '1952-12-14', 27, 0, 0, 'FN685LSD1FA'),
(51, 'Sed.nec.metus@Class.org', 'Jolene Durham', 'GVN41UTK8FA', 'South Georgia a', 'Waasmunster', 'Ap #977-3145 Ligula.', 13, '570648', '(761) 799-3251', '1980-10-31', 6, 2, 0, 'HF176ABQ2TY'),
(52, 'pharetra.nibh@erosturpis.net', 'Hiram Bailey', 'BPC10CMJ5XH', 'Vanuatu', 'Argyle', '2284 Amet St.', 77, '7702', '(691) 776-1932', '1952-11-02', 27, 0, 1, 'OK497THH8OK'),
(53, 'aliquet@blanditenim.edu', 'Kasimir Shepherd', 'BYM26XUK1PS', 'Syria', 'Montigny-ls-Metz', '9492 Id Road', 10, '33686', '(222) 851-9269', '1952-07-10', 39, 0, 1, 'JV802OXA5JQ'),
(54, 'eu.erat.semper@Sed.org', 'Andrew Morris', 'XSD89POP2MR', 'Latvia', 'San Pablo', '390-575 Mauris St.', 84, '55431-048', '(419) 891-6141', '1965-11-26', 13, 2, 0, 'UH083LHV4CH'),
(55, 'Curabitur.egestas@ligula.com', 'Zenia Blair', 'LOF36NHM1CB', 'Western Sahara', 'Ujjain', 'Ap #611-1894 Tristiq', 89, '38829', '(882) 654-5098', '1975-06-23', 34, 1, 0, 'LH492KAO0PG'),
(56, 'sem@necmalesuadaut.ca', 'Guy Farmer', 'YHZ09UHO6MC', 'Saint Vincent a', 'Nurda', 'Ap #910-8792 Diam. R', 45, 'BB3 6YI', '(865) 481-5150', '1975-05-16', 82, 2, 0, 'PO264QGZ5JQ'),
(57, 'montes.nascetur@tempus.edu', 'Amaya West', 'IQF09WSV8IU', 'Chile', 'Kidderminster', 'Ap #581-4466 Curabit', 14, '56090', '(351) 203-5039', '1950-01-10', 79, 1, 0, 'VA512FUM7BN'),
(58, 'tempor@ipsum.net', 'Ali Moss', 'FSJ47BNR5YJ', 'Djibouti', 'Mara Pinto', 'Ap #545-8931 Sed St.', 72, '44724', '(797) 737-2439', '1950-03-20', 96, 0, 1, 'JS278SGG2PB'),
(59, 'vestibulum.nec.euismod@pede.ne', 'Leroy Oneill', 'WKB72NYS1GZ', 'Guatemala', 'Casole d\'Elsa', 'P.O. Box 865, 9880 D', 11, '91747', '(325) 242-1872', '1951-07-05', 64, 2, 1, 'BC393SNP5XC'),
(60, 'felis@risusNuncac.net', 'Sopoline Howard', 'PJZ92CIL1ZG', 'Korea, North', 'Springdale', '6533 Sapien. Av.', 57, '497502', '(752) 579-8237', '1991-11-23', 22, 1, 0, 'VU450RSX4SP'),
(61, 'tortor@Cumsociis.ca', 'Claire Cote', 'VNO99SYQ7KU', 'Gibraltar', 'Jhang', 'P.O. Box 739, 8391 S', 29, '390515', '(465) 930-1549', '1974-11-16', 40, 2, 1, 'KU402IMK6SS'),
(62, 'lorem@luctuset.net', 'Leah Conley', 'VFW37SOZ7RQ', 'Guam', 'Sunset Point', '831-533 Nunc Rd.', 47, '28866', '(219) 366-4557', '1976-11-24', 45, 0, 1, 'ZM008KZD3PP'),
(63, 'Donec.egestas@egetlaoreet.co.u', 'Leonard Murphy', 'IIM00TGV6MA', 'Micronesia', 'Kalininets', 'Ap #728-5495 Eu Stre', 10, '950106', '(433) 693-5771', '1975-05-10', 25, 2, 1, 'PK231ZWP3FG'),
(64, 'dui@lacus.co.uk', 'Ulla Vega', 'XYN45SHU4EW', 'Saint Pierre an', 'Brandenburg', 'Ap #553-7908 Vitae A', 2, '41267-18995', '(111) 927-4886', '1955-05-01', 55, 0, 1, 'ZD455QTJ3BN'),
(65, 'ac@risusDonecegestas.net', 'Paula Miles', 'MZF62NMM7TW', 'Japan', 'Kharmang', 'Ap #716-6762 Molesti', 17, '48561', '(602) 693-8667', '1982-11-08', 48, 1, 0, 'ZK785ZXB4ZD'),
(66, 'luctus@placerat.com', 'Elijah Owens', 'ENN71SQC4XZ', 'Romania', 'Nocera Umbra', 'Ap #615-7454 Turpis ', 45, '73-106', '(331) 446-5752', '1978-02-09', 91, 1, 1, 'KI904IRG1PO'),
(67, 'sollicitudin.orci.sem@semperpr', 'Emerald Dodson', 'GDV30XSA0XN', 'Bermuda', 'Masullas', '3700 Tempor St.', 31, '68-287', '(132) 849-2264', '1999-08-05', 17, 2, 0, 'WN719LEU4BE'),
(68, 'augue@elementumdui.org', 'Isadora Summers', 'JPQ55DZP2YS', 'Kyrgyzstan', 'Malvern', 'Ap #620-8369 Libero.', 37, 'X5W 2E0', '(803) 213-4313', '1991-01-22', 13, 2, 0, 'TJ709DQF1SN'),
(69, 'odio.a.purus@utipsum.edu', 'Desirae Strong', 'JUQ55RNM9RF', 'Holy See (Vatic', 'Wallasey', '996-8220 Et Avenue', 55, '17398', '(418) 213-9120', '1984-05-30', 33, 1, 1, 'AM472IXG4MM'),
(70, 'a@ipsumnunc.co.uk', 'Todd Meyer', 'IVB06RPU3IH', 'Lebanon', 'Cerrillos', '122-463 Libero St.', 34, '20024-694', '(780) 945-2555', '1978-11-28', 8, 1, 1, 'AF715IZU8AQ'),
(71, 'nec.imperdiet.nec@rhoncusid.or', 'Rhoda Holcomb', 'DWL85JBA7MK', 'Tajikistan', 'Filey', 'Ap #980-8607 Aliquam', 57, '12833', '(657) 478-0562', '1994-03-10', 37, 1, 0, 'XM843OEG5VI'),
(72, 'tincidunt.congue@Duis.edu', 'Dominique Oneal', 'GKK18RTZ8DH', 'Sint Maarten', 'Kostroma', '3988 Faucibus Street', 59, 'S0W 9A3', '(258) 708-8169', '1982-08-04', 16, 1, 1, 'AW389QZG3JE'),
(73, 'mus.Proin@aliquetlobortis.com', 'Lawrence Jenkins', 'KXL54DKO3QT', 'Honduras', 'Steenokkerzeel', 'Ap #650-5013 Pretium', 29, '461766', '(950) 558-0559', '1989-11-09', 41, 2, 0, 'IF442XZB8RP'),
(74, 'auctor@semper.ca', 'Simon Strickland', 'MGR98OYI4YH', 'Bermuda', 'Thon', '906-148 Vivamus Av.', 88, '991532', '(911) 200-9674', '1982-04-18', 51, 2, 1, 'CV671WZM8FE'),
(75, 'Fusce@utsem.ca', 'Burton Gentry', 'EVJ87EON1WZ', 'Guinea', 'Lac La Biche County', 'P.O. Box 150, 3519 E', 58, '10474', '(490) 708-1294', '1953-03-04', 70, 1, 0, 'LG251TFD3VK'),
(76, 'gravida@quisturpis.net', 'Jameson Cotton', 'NCF41UFO4AU', 'American Samoa', 'Windsor', 'P.O. Box 504, 8098 N', 36, '73302', '(342) 121-2820', '1992-09-08', 28, 2, 0, 'MV692TWF5KD'),
(77, 'sapien.gravida@pedeNuncsed.com', 'Cailin Gay', 'BIH94BZK0EY', 'Mexico', 'Yuryuzan', '6788 Fringilla. Road', 37, '19368', '(225) 317-9963', '1987-07-25', 67, 2, 1, 'HY438UTB9OP'),
(78, 'orci@adipiscingelit.co.uk', 'Reed Sullivan', 'CKX98XJI6WI', 'Swaziland', 'Sommethonne', 'Ap #861-5897 Sit St.', 71, '72-313', '(960) 965-0252', '1972-11-25', 80, 2, 1, 'ST626WYJ0YJ'),
(79, 'Vivamus@magnaUt.net', 'Blossom Glover', 'HNT88WCN4OU', 'South Sudan', 'Livin', 'P.O. Box 380, 9833 C', 54, '62219-232', '(166) 820-2272', '1967-08-31', 73, 2, 0, 'BJ951OUL3VB'),
(80, 'imperdiet@nonummy.net', 'Fritz Hodge', 'NGD94KXZ2XQ', 'Hungary', 'Aydn', '929-1547 Ac, St.', 82, '4551', '(321) 809-9803', '1988-06-02', 7, 0, 0, 'LG231EDX6MV'),
(81, 'mi.enim@Proinvelit.edu', 'Tatum Whitney', 'LVD62EEE5KT', 'Denmark', 'Hilversum', 'P.O. Box 267, 9233 S', 70, '26257', '(365) 149-4106', '1950-12-02', 72, 0, 0, 'KU681TWE2KK'),
(82, 'pretium.aliquet.metus@sitametn', 'Axel Harrell', 'OHX56JFS8GQ', 'Canada', 'Dipignano', 'P.O. Box 657, 5268 E', 73, '9207', '(336) 287-1914', '1993-09-08', 81, 1, 0, 'LR506QSI6QY'),
(83, 'eget@arcu.net', 'Caryn Mayer', 'NRG54BLK4OE', 'Cocos (Keeling)', 'Filadelfia', 'P.O. Box 988, 5473 E', 34, '58006-753', '(252) 900-8618', '1965-08-22', 60, 0, 1, 'YK080BUE7VY'),
(84, 'est.Nunc@semegetmassa.com', 'Sacha Dickerson', 'EAA82XYD2JC', 'Virgin Islands,', 'Limelette', 'P.O. Box 910, 9700 E', 10, '2647', '(146) 203-2912', '1979-02-11', 19, 0, 1, 'QD405HAD6IB'),
(85, 'Donec@luctusetultrices.org', 'Ingrid Lawson', 'XAK41FFK5WZ', 'Hong Kong', 'Taunusstein', 'P.O. Box 978, 5636 M', 20, '49393', '(651) 126-1965', '1972-05-28', 89, 1, 1, 'DK507VQL1XH'),
(86, 'malesuada.ut@quamafelis.co.uk', 'Adele Jennings', 'BLO76NKW1IG', 'Moldova', 'Ripalta Guerina', 'P.O. Box 177, 2689 L', 19, '35600', '(425) 641-4572', '1988-05-27', 51, 0, 1, 'HY879BOH6JU'),
(87, 'at.libero.Morbi@Aeneansed.net', 'Herrod Dotson', 'BKD46ZUS6LO', 'Niue', 'Crecchio', 'Ap #327-8102 Malesua', 82, '2428', '(921) 363-1149', '1991-07-09', 5, 0, 0, 'BI237KHF2PL'),
(88, 'neque.et.nunc@rutrumlorem.edu', 'Amela Hoffman', 'MZZ29QOT1DU', 'San Marino', 'Istanbul', 'P.O. Box 733, 5310 M', 39, 'Z5 5II', '(122) 325-3567', '1958-04-03', 97, 0, 0, 'GD593YWF4AY'),
(89, 'commodo@amet.com', 'Cameran Chaney', 'LLU67JCC5JH', 'Italy', 'Bettiah', 'Ap #447-325 Mauris A', 37, '30380', '(464) 842-1652', '1972-09-29', 36, 0, 1, 'CB078LQP1RB'),
(90, 'Fusce@disparturientmontes.com', 'Signe Clayton', 'FSF61WEE4UR', 'Hungary', 'Yurzhnouralsk', 'Ap #176-7310 Maecena', 25, '077230', '(778) 386-9986', '1975-12-06', 67, 2, 0, 'BF738ROH4YL'),
(91, 'in@vulputate.com', 'Jackson Holloway', 'UBT73GDF6PE', 'Tonga', 'Trois-Rivires', 'P.O. Box 672, 3679 M', 2, '65708', '(500) 196-6838', '1991-11-02', 90, 1, 0, 'BJ607VYU8SK'),
(92, 'in@loremDonecelementum.co.uk', 'Bert White', 'ZCE44SXP4QO', 'Papua New Guine', 'Denbigh', 'P.O. Box 124, 8334 E', 70, '141001', '(650) 102-7058', '1988-02-17', 5, 2, 1, 'LR792VCS8MN'),
(93, 'nonummy@leo.co.uk', 'Steven Velazquez', 'EWP86PDJ0VK', 'Western Sahara', 'Wichelen', '2215 Egestas. St.', 92, '21262-407', '(331) 853-1541', '1967-03-07', 76, 2, 1, 'DT851MMQ8GG'),
(94, 'sed.tortor.Integer@ultriciesse', 'Hayfa Joyce', 'NRO79WMP2YN', 'Papua New Guine', 'Kursk', '119-4100 Urna Rd.', 75, '4733', '(122) 949-3760', '1962-12-17', 48, 2, 1, 'MB680KGG7CU'),
(95, 'vehicula@Pellentesque.net', 'Faith Wilcox', 'VVW61WBZ6OM', 'Palestine, Stat', 'Acquasparta', 'P.O. Box 612, 9959 P', 87, '82091', '(397) 875-5350', '1989-05-03', 54, 2, 0, 'RG839MTD6IE'),
(96, 'dui.nec@condimentumDonecat.ca', 'Germane Riddle', 'LKA78DUI6DB', 'Malta', 'Olivola', 'P.O. Box 767, 3876 N', 85, '6479', '(138) 463-4723', '1990-12-30', 33, 2, 0, 'UD144XCC3TY'),
(97, 'facilisis@vestibulum.edu', 'Jelani Riddle', 'HLX58HYV1JP', 'Poland', 'Izel', 'P.O. Box 463, 6109 I', 41, '2044', '(299) 875-8256', '1953-07-01', 62, 1, 0, 'HE466TVD3IR'),
(98, 'diam@ligulaNullamfeugiat.org', 'Nadine Nixon', 'TBH30YXV8DL', 'Ireland', 'Steenokkerzeel', '9412 Auctor. St.', 21, '1252', '(284) 566-6022', '1995-12-03', 1, 0, 0, 'UH195IYQ5HA'),
(99, 'dui.in@eleifendvitaeerat.co.uk', 'Aurora Myers', 'ZSM22UBU8GL', 'Niue', 'Moffat', '7753 Molestie Ave', 32, 'OB75 9TY', '(448) 680-3670', '1955-01-22', 13, 2, 1, 'IJ917NBN6HB'),
(100, 'vestibulum.massa@justoPraesent', 'Shea Page', 'UWP68ZBI6TI', 'Guam', 'Nizamabad', 'Ap #523-3899 Nunc St', 95, 'R2Z 0J2', '(720) 593-7014', '2002-06-15', 55, 0, 1, 'SO080QZN8SG');

--
-- Indexes for dumped tables
--

--
-- Indexes for table `car`
--
ALTER TABLE `car`
  ADD PRIMARY KEY (`license_plate`),
  ADD KEY `user_id` (`user_id`),
  ADD KEY `model_id` (`model_id`);

--
-- Indexes for table `car_model`
--
ALTER TABLE `car_model`
  ADD PRIMARY KEY (`model_id`);

--
-- Indexes for table `charge_event`
--
ALTER TABLE `charge_event`
  ADD PRIMARY KEY (`event_id`),
  ADD KEY `user_id` (`user_id`),
  ADD KEY `station_id` (`station_id`),
  ADD KEY `point_id` (`point_id`),
  ADD KEY `license_plate` (`license_plate`);

--
-- Indexes for table `credit_card`
--
ALTER TABLE `credit_card`
  ADD PRIMARY KEY (`card_number`),
  ADD KEY `user_id` (`user_id`);

--
-- Indexes for table `elec_owes`
--
ALTER TABLE `elec_owes`
  ADD KEY `supplier_id` (`supplier_id`),
  ADD KEY `user_id` (`user_id`);

--
-- Indexes for table `elec_supplier`
--
ALTER TABLE `elec_supplier`
  ADD PRIMARY KEY (`supplier_id`);

--
-- Indexes for table `point`
--
ALTER TABLE `point`
  ADD PRIMARY KEY (`point_id`,`station_id`),
  ADD KEY `station_id` (`station_id`);

--
-- Indexes for table `station`
--
ALTER TABLE `station`
  ADD PRIMARY KEY (`station_id`),
  ADD KEY `user_id` (`user_id`),
  ADD KEY `supplier_id` (`supplier_id`);

--
-- Indexes for table `user`
--
ALTER TABLE `user`
  ADD PRIMARY KEY (`user_id`),
  ADD UNIQUE KEY `email` (`email`),
  ADD UNIQUE KEY `username` (`username`);

--
-- AUTO_INCREMENT for dumped tables
--

--
-- AUTO_INCREMENT for table `car_model`
--
ALTER TABLE `car_model`
  MODIFY `model_id` int(5) NOT NULL AUTO_INCREMENT, AUTO_INCREMENT=18;

--
-- AUTO_INCREMENT for table `charge_event`
--
ALTER TABLE `charge_event`
  MODIFY `event_id` int(5) NOT NULL AUTO_INCREMENT, AUTO_INCREMENT=401;

--
-- AUTO_INCREMENT for table `elec_supplier`
--
ALTER TABLE `elec_supplier`
  MODIFY `supplier_id` int(5) NOT NULL AUTO_INCREMENT, AUTO_INCREMENT=101;

--
-- AUTO_INCREMENT for table `point`
--
ALTER TABLE `point`
  MODIFY `point_id` int(5) NOT NULL AUTO_INCREMENT, AUTO_INCREMENT=5;

--
-- AUTO_INCREMENT for table `station`
--
ALTER TABLE `station`
  MODIFY `station_id` int(5) NOT NULL AUTO_INCREMENT, AUTO_INCREMENT=31;

--
-- AUTO_INCREMENT for table `user`
--
ALTER TABLE `user`
  MODIFY `user_id` int(5) NOT NULL AUTO_INCREMENT, AUTO_INCREMENT=101;

--
-- Constraints for dumped tables
--

--
-- Constraints for table `car`
--
ALTER TABLE `car`
  ADD CONSTRAINT `car_ibfk_1` FOREIGN KEY (`user_id`) REFERENCES `user` (`user_id`),
  ADD CONSTRAINT `car_ibfk_2` FOREIGN KEY (`model_id`) REFERENCES `car_model` (`model_id`);

--
-- Constraints for table `charge_event`
--
ALTER TABLE `charge_event`
  ADD CONSTRAINT `charge_event_ibfk_1` FOREIGN KEY (`user_id`) REFERENCES `user` (`user_id`),
  ADD CONSTRAINT `charge_event_ibfk_2` FOREIGN KEY (`station_id`) REFERENCES `station` (`station_id`),
  ADD CONSTRAINT `charge_event_ibfk_3` FOREIGN KEY (`point_id`) REFERENCES `point` (`point_id`),
  ADD CONSTRAINT `charge_event_ibfk_4` FOREIGN KEY (`license_plate`) REFERENCES `car` (`license_plate`);

--
-- Constraints for table `credit_card`
--
ALTER TABLE `credit_card`
  ADD CONSTRAINT `credit_card_ibfk_1` FOREIGN KEY (`user_id`) REFERENCES `user` (`user_id`);

--
-- Constraints for table `elec_owes`
--
ALTER TABLE `elec_owes`
  ADD CONSTRAINT `elec_owes_ibfk_1` FOREIGN KEY (`supplier_id`) REFERENCES `elec_supplier` (`supplier_id`),
  ADD CONSTRAINT `elec_owes_ibfk_2` FOREIGN KEY (`user_id`) REFERENCES `user` (`user_id`);

--
-- Constraints for table `point`
--
ALTER TABLE `point`
  ADD CONSTRAINT `point_ibfk_1` FOREIGN KEY (`station_id`) REFERENCES `station` (`station_id`) ON DELETE CASCADE;

--
-- Constraints for table `station`
--
ALTER TABLE `station`
  ADD CONSTRAINT `station_ibfk_1` FOREIGN KEY (`user_id`) REFERENCES `user` (`user_id`),
  ADD CONSTRAINT `station_ibfk_2` FOREIGN KEY (`supplier_id`) REFERENCES `elec_supplier` (`supplier_id`);
COMMIT;

/*!40101 SET CHARACTER_SET_CLIENT=@OLD_CHARACTER_SET_CLIENT */;
/*!40101 SET CHARACTER_SET_RESULTS=@OLD_CHARACTER_SET_RESULTS */;
/*!40101 SET COLLATION_CONNECTION=@OLD_COLLATION_CONNECTION */;
